Age,Gender,Fast_Food_Meals_Per_Week,Average_Daily_Calories,BMI,Physical_Activity_Hours_Per_Week,Sleep_Hours_Per_Day,Energy_Level_Score,Digestive_Issues,Doctor_Visits_Per_Year,Overall_Health_Score
54.93054777866469,Male,1.1780955117364493,3175.7128093099254,28.1821555004626,4.365607764142257,7.786013984086975,8.92582658729418,No,7.147365306615091,5.090827999691583
45.128748130527505,Male,11.762038595688354,1778.0842938788762,22.949542080767536,9.577803817133503,6.805357195472069,2.247783561334038,No,4.0416236124402305,2.861251335491478
31.53749905348989,,7.656804880829046,,21.331323722343654,3.582319364784668,7.382171852312255,1.5701326701099914,Yes,6.976890117537647,3.838262468145995
23.81619060190536,Female,6.0785794762901215,2596.0311494353737,26.720617952804844,8.746621021416862,6.187714035401797,6.0247283672499155,No,6.891922608736501,8.111511349520539
38.58879758388082,Female,13.991759093631014,2282.317886847575,18.019364364498937,2.08921064873102,7.647051500374491,6.812165283513359,No,4.842838893165535,4.029074184720794
55.704011841026634,Female,6.86889022535563,3235.8337605166926,18.332441815778424,6.613853405836941,8.077511491942746,7.139279524100538,No,0.9222829935734869,9.050722672368744
35.95970196742605,Male,13.828475034291499,1962.767494609985,21.632406712374273,9.860598885374575,4.728941268331472,9.036098204952374,No,6.936869132691139,8.960829453665195
39.5770461697809,,10.094877986398785,2984.217919596672,18.407192036258536,1.115078024936137,8.092749905018744,6.001399351477749,Yes,10.111785737538378,6.014450068246793
28.02341475235211,Female,1.517949643892591,1861.5624976406623,19.823331473491322,0.14145522232891994,6.7581795555029185,8.033689199462348,Yes,,1.9664196595151942
28.13352251635732,Male,6.05939055046,2256.2142626373507,23.598635267189078,4.351143812617412,,6.130385231329709,No,4.956974167940533,7.0897728985140915
41.098451680529486,Male,11.016213599229255,2260.6682784085883,31.801305750592782,0.8064029420364702,6.2890997578598355,1.855157550948691,No,7.04684034724188,9.179389854677778
52.227002916912944,Male,4.638058340745077,1842.888539821317,27.779147121574027,7.451425832320958,5.889338091893892,1.0541235497888137,Yes,0.20318692939570795,5.979852575464395
55.80358626566689,Male,3.404158632783366,3389.4248472562904,26.64907798991205,8.895369201359198,8.46437397132926,4.944062364936411,No,1.1911256722042431,3.1289340334551103
40.113046483969036,Male,6.31253758320519,1811.7140593403738,22.60005279566499,4.23431106698894,5.416895845255029,9.147875161032765,No,10.885610529065378,6.888452470908217
20.265191668294595,Male,12.909834212642188,1845.4780076911177,34.00179843518788,2.8125450562851713,8.249623917434588,8.068494374320865,No,11.02299890974163,4.7202403870269
38.666135151765886,Male,11.970696432389945,2178.5805427686764,24.698387675863057,4.312685124145467,6.468084832558679,4.099605047856143,No,7.758378447441827,1.1288428466530294
19.91888164001452,Male,3.403445390229782,2287.879850171485,19.424574186376958,7.287908453791516,6.601093277719012,4.937738360517274,No,9.961454259890672,3.074913903563268
40.03420687351983,Female,1.0279440734463048,1809.8877780736768,28.71786541788147,0.09219704593592047,5.585502049234157,5.137789935339049,Yes,10.888924752421087,4.8530945174846805
47.03314768397365,Female,9.116501259249455,3009.537887352367,19.14030183938508,5.8703170553542945,7.008859177368506,5.905950462760826,No,7.335960431452652,7.082259639913892
55.45577562232874,Female,11.263036463457674,2134.3628141315057,24.094805484448596,6.022420864394715,5.6782996084567925,2.9848360950866955,Yes,11.15816613472436,3.407901079206008
20.45043484163527,Female,6.168866538781779,2470.4115366460196,26.107582619526998,6.569008559390624,4.088311301135001,4.740434831771814,Yes,6.0217201791403,5.950473017284192
39.158099829240705,Female,6.92670283639045,3402.5790717649998,32.56296898217317,2.5507801616107537,5.283611311743051,2.0512887335380126,Yes,6.077547358217194,5.109162739471875
49.578980219031905,Male,1.1349188770024992,3433.2633860762226,26.53361388680483,6.935230885177669,3.830348494755105,1.030821674941217,Yes,3.7965313344177933,1.3814143599094075
29.273325055270814,Female,4.0432317896374865,,29.172998046642476,0.8584988698168565,8.918352661114298,1.1129932662312536,Yes,1.1441083800385083,6.103871834672105
40.07513306915419,Female,-0.17280459255154884,2348.445824094795,34.50556564468768,,8.817880984960361,7.126334779999817,Yes,10.364333456403715,8.032725432866918
42.10433345558676,Female,6.128070430590188,2180.3353509817907,20.247690428099645,9.075652688018073,6.125571976938423,1.9522953688753775,No,5.336578083945685,0.9953124145863842
43.739791326733275,Male,6.820257602367533,1738.6257041015513,22.703277812816157,7.2234588504597514,7.594957544113627,3.9650804988490473,Yes,8.985733573880095,2.023848183058618
58.337182013023124,Male,11.989834276371074,2043.6240566588262,24.41788469698855,0.11724015918589811,5.659239742521173,4.913728410623156,No,1.9081865187757914,3.868405665687425
45.16833423330068,Male,5.271683808889197,2036.758158513723,24.84755787779684,2.7258106280320487,7.3027287231502465,6.88890959138371,Yes,3.016604908651246,1.8918251027534578
33.23009441420697,Male,4.208715210554107,1818.0255313837736,24.94155878969532,2.2482904138741877,7.965798293279611,2.0304204324126403,No,9.005714323691866,9.091786051241439
120.32643532130103,Female,36.18547580175212,6298.9840382717775,60.36617012147896,24.600789881122225,16.319222475982407,22.32032053176055,No,28.533291938349258,22.84958733589621
20.01262142493088,Female,5.213499818342511,3235.484562859591,29.977859068360065,2.473003569676075,5.990316846721665,1.06027482346249,Yes,10.046225899445743,8.035500770568996
53.60547363684785,Male,13.905707830813784,3093.238219822458,28.223578400476246,0.6076293021925493,7.740715775903305,6.861577090596949,No,,3.9341162508070613
24.784786663680407,Other,1.166018724742585,3027.7194910372964,23.187090820928915,4.55497282990212,5.261192650928328,8.92354252990839,No,1.0922789123087138,5.079380051735662
38.42412930810422,Female,-0.09023657333902525,1639.1364041100692,31.91006308329831,7.130214817264773,9.044686195265507,5.004622207085263,No,11.265644313132132,4.133299047645119
25.57605161216819,Male,5.940330941143285,2673.3088988252425,34.48142671018098,6.2594883470783875,4.093016005235233,5.08575792067527,No,6.716581404668674,8.953363813856441
56.53854058789981,Male,6.259137461490446,2071.8172028426934,31.830310692633326,6.657627232688357,6.93214985621631,3.9764756128769556,No,7.10474600906649,1.9882140319697872
34.82895539322745,Male,8.466421412691297,1881.1727651573628,17.484200983837713,0.7100111506412972,7.3370953141645545,3.069677337361219,No,9.181951588725138,7.655756442224182
20.907993622451443,Male,10.431950328118134,3311.4507645222875,28.54212701465084,9.551244793936165,7.46607750659914,9.325183247205542,No,4.6380532122446105,2.134666969114199
43.05338216601109,Male,9.252590761075462,2009.7191389565166,19.111967940927165,8.266163326007032,4.647919495225611,4.833441076344906,Yes,,0.8550978118149057
31.095478979891187,Male,12.98039902577932,3350.655402099841,22.37711785549449,8.256082089724481,8.814158763068647,8.343643835564798,No,7.017815085451879,3.1975952407041843
25.09691790417984,Male,1.0515751955294064,2966.2990206594545,19.190888292916863,8.275376956047932,4.8425858673802855,9.118858592254133,No,3.2067231111267223,9.05780571291265
42.302606409495986,Male,1.0525832863442335,2287.804225236569,28.566348956661617,9.025908784207992,7.066861339951013,5.07124373779278,No,10.212124847850657,2.9282850324324343
,Female,0.2737600713989376,2160.6227089503514,29.875479750005972,5.52005792040377,5.0727967201445185,9.16336238577275,Yes,3.0117146502248944,9.04184967360016
37.02459713216611,Male,9.131396885062912,2286.902804302334,20.00017250615505,1.8429347975482093,5.525924085127109,2.1114539817028644,No,4.095061069117028,6.809656479767186
44.451929265535725,Female,7.123427941894358,3262.563273861595,24.35628630775479,6.193633139905608,6.604058660176385,8.89528740495938,No,-0.24531058445449863,1.0660860372342307
23.36271356710463,,13.83916801525019,1653.8976001696826,26.195262562074525,7.429423823908064,6.1286152389373845,4.0911892772408835,Yes,,4.838935461795006
26.074060926283156,Other,6.823528322777409,1620.297168800302,24.294049055466697,7.443202022180134,4.783740252503593,5.931001429084662,No,0.7607444511706578,9.097337017564179
52.8972443813555,Male,0.047747934461728,2017.4719356301275,,5.157495501769266,4.966415347962423,6.17476329133826,No,7.016713416035873,2.9966945277408876
30.801322899995565,Male,10.597418179976508,2683.074476515181,24.87296372112062,0.5293911988069536,6.162236359084894,5.88835580141813,No,5.976274922658215,9.141193188261324
32.60714010344929,Other,10.074008160932246,3396.7887332547602,31.14425245622743,4.057504627081259,7.846732447969499,1.9544387983996132,No,8.914015932469377,5.047495340884216
53.791155024386946,Female,6.976206021540377,1702.1029175476847,19.329945338498604,9.15526024583919,8.490647313812687,7.074215390836753,Yes,8.18677530607582,8.84941333957879
56.491928661564764,Female,7.798893125413497,2967.730461807156,19.233456758530732,5.827255859879737,4.355733052425137,,No,3.980131342787682,5.934601007981784
20.55078811049906,Male,13.033057906186416,2892.057501311391,24.00062611291293,5.345109520263232,6.014153534363993,0.8045899447228115,No,0.7951880763235172,9.143430575723638
18.772177888799753,Male,3.2222589313540455,2725.9617478588884,34.07098413310073,2.790856285048781,4.5160588565531405,2.183719694342905,Yes,6.223535592453156,7.027889564746631
23.44640991782708,Female,0.15545585084885033,2871.415931839537,29.58928449179418,3.891261530078236,4.039122241530456,7.22161603424637,Yes,7.049547588834412,6.925224604220208
59.573394961475394,Female,0.2632213217333973,2734.86945720392,29.604498704502607,8.920845594502742,7.492478641452507,1.0882344682231682,No,11.042307288196266,7.9278307861870125
21.88791662226724,Female,2.0325160142402043,1713.219578163573,23.89453882977987,6.6669471881612425,7.164576210367221,0.8997604982010888,Yes,6.055223000592893,7.212602556206139
46.8493727731199,Female,13.828407034607723,1964.0029356924583,28.271923907772553,7.861594758302736,4.715070617536705,1.3238408976649176,Yes,5.928657214909005,9.05126001358216
34.15015045935573,Male,13.294216310298795,2798.153266905348,18.480535939074464,4.335935653673926,5.172789820493098,7.920274055406306,No,11.017709943804592,9.034563593037293
43.46545210381841,Female,3.7945081919919175,3265.2531301224326,28.594199680601676,6.315123749716084,4.158344421349569,3.923374223653476,Yes,3.6883952011815087,5.916726021683677
51.544568179579805,Male,3.9145067431004117,3306.4361739956694,33.899485614461824,2.4708303158451934,8.175908643281115,4.114732596858864,No,0.7502315191725605,6.916641707947625
26.855378761105904,Male,8.202905202351811,1708.7983853805792,28.426444650216435,7.123924237848944,8.924613273744955,2.069122729619879,Yes,4.979177629331987,1.7690100352870173
120.32643532130103,Male,36.18547580175212,6298.9840382717775,60.36617012147896,24.600789881122225,16.319222475982407,22.32032053176055,No,28.533291938349258,22.84958733589621
30.24963429975855,Female,13.141268695022495,2900.364866965171,30.0341131272167,4.568717139494882,5.252667899483985,9.238090595211117,No,9.156687287828834,0.9530667980304598
120.32643532130103,Male,36.18547580175212,6298.9840382717775,60.36617012147896,24.600789881122225,16.319222475982407,22.32032053176055,Yes,28.533291938349258,22.84958733589621
120.32643532130103,Male,36.18547580175212,6298.9840382717775,60.36617012147896,24.600789881122225,16.319222475982407,22.32032053176055,No,28.533291938349258,22.84958733589621
120.32643532130103,Female,36.18547580175212,6298.9840382717775,60.36617012147896,24.600789881122225,16.319222475982407,22.32032053176055,Yes,28.533291938349258,22.84958733589621
30.720479500754834,Male,5.067167612018655,3083.722617540884,26.997884117354584,8.002418895248848,4.240592780566081,2.027237009125427,No,5.864173993483328,5.133558456419916
39.972409840404126,Female,14.12538392832437,2864.813697326886,19.906251882725993,3.0464163354998615,4.210725100733358,7.243124424546262,No,4.752959004671595,2.0450492991837264
57.33007252565233,Male,8.141320823520125,3462.788554682437,18.55138797573867,4.359073611632704,6.916632646493368,2.0624480525688305,No,10.779230221405353,9.06725171085181
37.737078417205474,Female,-0.24908346633170714,2453.6116840985496,24.914686579609096,0.07885256546507678,6.018384573602659,7.869652353629202,No,4.166095367190459,3.6734416400451573
32.14984757180477,Female,8.228338080546951,,22.935545584715758,,4.037398688631098,7.875370933041186,Yes,1.9367645148779278,4.092211501006908
36.47989730300416,,8.015828392929317,3101.602522276732,26.474576511269618,5.119623642972924,6.859112642951919,0.8292932427340712,No,10.888883463130309,5.07286306098448
40.88924097827491,Male,12.184999028808347,2033.4333365518894,27.67117976403684,0.3521725354261068,4.104643317711227,7.95706696386752,No,8.945133599185718,7.984612760506732
43.1833039077717,Male,7.976954296562521,2598.098656683001,18.680137009612196,5.18215473207195,7.965837254380132,2.070825512241644,Yes,9.196891914665992,3.9354568730511037
41.387022351555174,Male,4.644368840339947,3010.8601748200795,19.889102248055952,9.136470889906684,5.535046480409848,6.08491435608446,No,3.156490758400295,5.1765620664389305
56.79458506500231,Other,12.174895754007004,1970.0889155510881,27.60224856005642,1.1502080673260633,4.255783626477178,0.9196949640913394,Yes,1.9708062672750726,4.051242424475932
120.32643532130103,Male,36.18547580175212,6298.9840382717775,60.36617012147896,24.600789881122225,16.319222475982407,22.32032053176055,No,28.533291938349258,22.84958733589621
31.946622814746206,Female,8.41311039820134,3332.5735133295198,30.277714903285535,4.331436596172899,5.955064423527801,7.178691031526767,Yes,10.018923321562397,2.8951669302947995
17.978661618597595,Male,9.945500663203699,2510.596130383685,29.12542992535252,6.675005593527922,8.953464766795134,0.8116188774273565,No,6.776067258131476,7.7873528573588215
42.32530601676681,Female,2.8066953501498704,2638.8225353343605,32.46819487077635,2.4507205918099744,6.733466739088332,2.059237463125048,Yes,,6.304612271443295
23.154462093840593,Female,1.035075177412336,2546.3522373060823,29.806643374336687,1.6100473978330914,5.447446345084821,7.101451319990151,Yes,6.1617978118512875,4.793518721600091
25.94529144743165,Female,12.25107132221282,1681.9651539023457,25.33358029353949,1.5217738841760182,7.6284015106304475,6.004800270873112,No,6.376058862518001,2.191250776938233
41.373312512834254,Male,4.580394348577083,2599.1620494924377,29.98095277449133,0.5560200327133554,5.419657451412882,3.061978416633384,No,5.981515487057239,6.724821015346527
17.70004295393872,Male,13.066425204450386,3032.5376626093544,22.606972581718235,1.6384941898360172,8.661177453842475,2.0515258649985033,No,5.93004215741537,1.982627116963567
25.14978115918336,,2.958013374380452,2100.0908130773673,23.189839589969896,6.497843010173359,5.951146960756806,4.013954675074533,Yes,1.1210227312123195,1.017820688564094
40.84141858153441,Female,5.315541192849995,2562.0794829728156,31.41684808911405,8.339489622907847,6.695925295316267,2.801370056350772,Yes,8.83661745360854,6.814671887528892
27.50713218051321,Female,2.364032445518644,2164.519456744759,25.554652824288844,7.9398007853766615,4.200441386026362,7.005993943697869,No,1.939254333460485,5.075965091673929
34.04181965503844,Other,4.88892609285604,,32.09233774124177,6.907341190430076,6.177023692920625,7.927693582773709,No,9.351469617618308,1.0340241565606108
24.735474644320487,Male,0.8303756905939104,2158.8760857974125,31.796658918850298,0.8813697797954609,8.075627654324053,1.8963715143953783,Yes,7.984895788111285,3.926729890240505
53.39522980574197,Female,1.0082195434440615,1922.2079748538667,32.03606726723669,2.757756993594671,7.9083396576274,7.123112956039192,No,2.065855365409496,3.9566544043398175
52.204159041442736,Female,12.065551435430603,2177.5578083730943,33.878613202511545,2.9364144791375497,4.981960039301475,7.890389303388085,No,0.9410699326064863,
49.978302540790985,Male,8.444811336034705,2614.0210801322573,24.73247318348627,2.588664248982695,5.099827773201591,6.153431322396742,No,8.184644155871505,9.154091450920628
22.244410493375128,Male,6.175914821682939,1787.9252353636796,23.09813299327345,5.151714955948674,8.137363399152779,5.836167379727302,,9.019482971536908,1.9751032712706091
59.28058110871292,Female,2.20573036062782,2668.16414873687,28.160960122359192,5.462153613302412,8.818930761002628,1.1180635479580114,No,8.352537772355145,1.183993158315744
55.85277940829726,Female,12.229034015418069,3301.1598054273704,23.861551396928654,3.779117297120397,4.569565782804577,3.9665343135342206,Yes,2.9505310734876162,1.6419565152264588
57.579916559057814,Female,10.342458728614234,3053.1154703714956,28.328480636278233,3.8627220095973835,6.339902627381884,0.9233890494779186,Yes,11.191605182518696,6.925556529643099
45.78147885062123,Male,-0.1673810010950221,3061.4608108678017,30.187077994946062,8.512008076871634,5.766684653553196,4.037474109294087,No,8.043862154489617,5.831732307491219
22.862766874369797,Female,6.971783681188956,3019.889185621286,30.01260132781111,7.991540691207652,8.378250475445144,2.1058407805621373,No,2.332076079562224,3.9424323281684948
25.49411486528957,Male,13.049192173834983,2654.3009820848647,24.625305126125188,2.8192092616047617,4.44186445247262,4.6728961707681735,No,6.147302479658741,1.0103553038398403
25.437685370914387,Male,5.064225640598373,2210.4161609582256,20.631933867577473,9.110029548666914,5.029552121405351,8.820506643683899,No,6.1426458166338485,0.7990898802378783
29.08637657907564,Male,5.815496140789852,3387.5538884153984,25.10925645476513,9.715391690724513,7.7130421729152285,3.2956486152468667,No,9.971105746248725,4.893410912567317
51.0935336484708,Female,7.9931110387405395,3329.121099471783,19.98401025018916,3.1671739887006254,4.398582625629964,7.988032049232062,No,7.239635234020426,0.9040212080910506
50.25134498935112,Female,4.0485921125701045,2635.636155621054,33.061505377404934,3.3927325093500724,6.47019770432685,3.083155613320466,Yes,9.119686514941138,7.054145058362747
39.720995578435556,Female,14.11971338502463,2696.1400201870897,23.92430460494462,4.893399842127703,6.145218835977503,6.2381233535407645,Yes,2.8722184601417404,1.264918486038209
41.04116774359273,Male,-0.01864469265737023,3420.0499363913814,20.651927195082575,9.563764714092565,5.646591972052322,4.085729627890911,No,1.92908927682307,0.9893600662821626
54.2313013820337,Female,10.856342718983395,2849.3264328565215,17.90559674404383,8.77472656137053,5.934197842298622,8.073409004108555,No,1.8936344384375192,2.008132117763105
52.4786167385146,Male,8.986957048242607,2659.3272400371643,28.812325076462162,0.9149837962674522,6.6449818282813355,6.075232835984313,Yes,11.072778537995664,3.0518282922266553
57.20737103273897,Female,5.670060509704562,2308.366837902372,29.081768658005547,3.6228668578201275,4.788629848872239,7.970238348170061,No,4.018674619056102,1.1259826348615585
38.250971049895355,Male,13.726712656759798,1733.055778261167,24.33541751930446,5.421973563821705,6.90473806986187,1.2036428871997014,No,10.078576360670032,9.122671016974842
43.570645980661524,,4.309228430545483,3226.17801759672,19.004861253120254,4.879559289018584,8.000258780140305,6.028141940204138,No,0.06725157037812242,7.952063276222368
51.68975001022947,,1.7866413969634427,3007.0556185476053,24.576430075218056,1.6128692254240087,7.779167620127576,1.0291855790505389,Yes,8.851919018015705,5.039995072733651
16.41906448764189,Male,10.778950506299916,2738.606556012896,23.794195779927566,8.787719853346282,4.804822188020346,1.1011878495401748,No,1.7291828419640383,2.0707583152689604
51.79793414700029,Female,12.02912233637632,,29.356639668001172,7.131062896413729,4.74037252346106,7.83025724119701,Yes,4.9462228529179795,5.0282380744374064
54.30844537644502,Female,8.058148452446542,2119.621507886123,28.909968381877498,8.450537471831964,5.204723903316991,7.065897746669658,No,1.9364523094098758,5.985862547486272
31.584056681894978,Male,0.43700758951922036,2649.8681752784755,24.521079702343894,8.597186165640608,5.934763366903551,2.930217763706403,Yes,4.105126723520401,0.8300038051413353
19.248862647650746,Female,0.17607029073998026,1817.0332665605981,21.65170007708716,7.802970608122243,5.949895033868712,5.827933452803048,No,8.291590117570378,3.932355759771629
15.924355116918367,Male,-0.19736526063585214,2804.145339558417,35.28209683498803,4.75928532778327,7.454986477824408,8.736874135108415,Yes,1.0947514439536778,9.30959680319851
22.45483949608682,Female,2.0724978968313748,3423.043996683266,26.080363785624815,6.292067665959734,4.3163758899685165,7.0211472375912365,No,9.980899806980853,2.0702413507479336
41.998672507510854,Female,10.874344711086898,3393.136119671843,29.467273991567396,1.3744944260624272,4.1796969196568154,3.0832828634119687,,1.0006402369473204,5.039365895338094
31.640380274832545,Female,4.789342522890828,3086.5405423992747,20.70260396337196,6.87811499062832,5.948466820448623,5.9587959959469385,Yes,10.979752409596955,1.1293135619598347
55.61106861712979,Male,9.080079832019278,2418.097993261313,25.73926749460915,1.7605539036877276,7.4719767387550124,4.076036259429216,No,4.9644145836054685,3.9739214200611177
44.13882724907724,Female,9.947538478895789,2458.0186779287164,18.754126918623108,7.2118769368077755,5.000354425474798,3.0616562651452917,Yes,5.069551120068583,3.905989621013472
26.110505480847348,Female,2.316661184531662,2022.3237593916947,26.470482241021394,2.314682160377792,7.231515382363174,8.995710552415668,Yes,9.983814855362024,5.837348383598056
32.866008183013875,Male,7.172741814343333,1813.7482178715766,34.42353554944103,1.3366292637157007,5.294873978832196,1.9946836514373323,No,10.3214566854383,9.056202980088548
32.75372606654121,Male,13.038351078594225,1619.5954045856881,24.232653179580762,1.3694220318638974,8.384174850967364,1.1033320807757216,Yes,7.102068820733814,2.7999825131068845
43.58307903204999,Female,13.227412609939408,2578.4123842478643,18.361599214985315,-0.012347354420628872,8.604420897957992,2.0953637795987254,No,11.276875719216532,8.875387298971493
59.2311740543668,Female,9.071358218976616,3416.5765180741637,18.782796555488062,7.232697001058254,5.438516851523259,7.114142630405628,No,9.888614248251837,6.09448216802765
30.036084635468658,Female,1.0970517924163887,1775.7733992944434,24.559085208695944,7.388433930697032,5.17195595779588,,No,0.9866888192549025,7.226201203537552
49.78553769616157,Female,13.149116667593967,2718.104897540275,20.76635526319319,5.107442672540902,6.047208958258897,6.099336057786682,Yes,8.308610202594865,1.8824240171460187
55.58393978301656,Female,8.296315791521552,2542.7009084393612,18.340846713865957,1.6485619034146282,5.106517044027374,7.029122016941774,No,1.1429580083921116,5.909110128289284
,Male,1.8703994670751767,2672.225883847345,30.88503920068215,0.796339641497087,7.44669262380157,9.109129820584748,No,0.034262496560041884,5.941009892652867
21.281376097315853,Male,3.9284841273861804,1767.7403303737601,25.879201006038254,0.15943738322514833,7.9593867882707805,7.999615794359163,Yes,8.998215679772033,2.0889649148378893
47.3074677876698,Male,8.90824791786944,2783.9276791795764,22.71737702518477,1.7288502957053324,7.49038249035519,6.127573268300534,No,1.1261862363941035,1.6920981001988387
54.62529889360409,Female,6.909916230221492,2194.1790150663487,33.112943480025926,8.803700616372723,8.063672135544886,3.1279809912543817,Yes,10.807923872734898,1.9244260095518446
40.41823243767096,Male,1.2657604949881425,2113.226551861423,20.03717992134397,2.397618434104813,6.215305731804586,8.013401809499479,No,5.972466802982827,0.8389183220853892
55.288932892487935,Female,4.590671314837293,2794.7230952573664,34.70283468116125,3.322180191439592,4.798476216725894,6.961093461881877,Yes,7.068642231415558,4.91721491050339
32.15732472843463,Female,,2106.950150051539,23.12043496163349,1.1175133727449162,7.73074874306534,3.066785209929187,No,4.006028238578729,8.210036195394366
46.01084939685106,Female,3.6055282310411503,3134.58522981407,33.33880960926228,2.2119462508969288,5.84830629505624,9.04115747375343,No,5.097040694444778,1.9517602677374657
52.45980650922416,Male,11.80943965094845,3370.735651757247,28.48330776007379,5.477493238961016,7.495613550733845,1.8096130806089832,Yes,10.904292542852023,5.055820724142057
29.861966748800487,Female,9.051471400709406,3358.39679802223,32.026461522067834,5.968631558185324,5.234019210997874,2.9242400127983728,Yes,0.1312519470069301,8.170835988965448
,Male,8.02859820477999,1927.6391658998295,34.800011014854505,2.4513650706977246,4.367016939484936,1.9221298418685544,No,5.247849902262652,4.985487136475533
24.208869238294497,Female,11.020470123589114,2296.6282904735035,22.95303902187067,0.7051982958197502,8.920056860769323,0.9706284573348561,No,11.151305674549027,1.9151441785875964
38.974027403149684,Male,3.970894868833449,2668.4973872928404,34.4734405185604,3.7881747035362627,4.708823672215256,4.045257267111557,Yes,6.903689907046253,2.891339775180057
45.241522239778895,Male,1.4330475515030954,2101.9257826597186,24.938960108847713,2.614910360347319,8.939668501906324,4.842585336810371,Yes,2.1933317127095675,5.947202800668325
19.132684677413707,Female,4.023322311286995,2499.648570092343,24.213507664358662,2.0757155611588978,8.961524489638114,6.181018964774383,No,10.161434702938468,5.055883378685731
58.70051430219566,Male,14.000902566189529,2403.83251434082,23.549976751469238,9.61986882094833,7.993356518906132,4.891912330480262,No,-0.05929557921262614,3.9778179727318266
23.74458296416588,Male,11.134831855132097,2115.84553645086,27.078839796012986,6.4344890911377615,7.303675927942188,0.9078747241279627,No,10.24403684636911,4.165861681419445
44.99974659826651,Female,2.9809161226713923,1731.7567335638,20.079703673576876,5.753982405670663,6.809583220802552,2.975226770764842,No,3.2353733214414464,5.069944597251481
45.253371450137024,Female,13.674374223775454,3319.830234481689,27.463818066616447,4.504027761318746,8.405940792762793,0.9260345200262663,Yes,0.2756435491468456,2.0071796020541472
36.15122052799627,Female,10.308640310739834,2246.7724342807073,26.94911156220225,4.113495292713382,5.307667587447014,5.166333449012922,No,6.637200857624352,8.955828603070348
45.92978606131217,Female,5.761083388304519,1798.2926671148782,31.277136736364756,5.295029960749334,6.456924594785337,5.061766845340839,No,4.017873215383644,2.01428609355373
27.079527912848356,Female,5.362034761001408,2784.2434851451203,,6.899758535977133,7.165724177154708,6.1546016208327545,Yes,0.19513452245854268,2.1863738118419414
45.68197940395567,Male,13.132719692173827,1650.346592120345,25.15513760096716,7.118799311847364,6.159348839054793,8.113131277667533,No,7.247988412111756,8.846443017085303
43.05940993731803,Male,1.0698278688080889,2504.1922809158473,22.47328182199211,1.5309003316152907,6.115868630471751,1.1321923171859758,No,8.08281465922995,
55.48774536754733,Male,10.867670181580145,3452.644319846713,22.070190455330472,,5.714310519783821,4.012116046479651,Yes,8.900082898565458,7.205438902815308
50.60797612024782,Female,9.960994493915114,2949.718156763282,20.94723912615425,3.9384991027105496,6.843457212393367,0.9998636942467705,No,1.0883581014561556,4.003955282509086
17.26746437488814,Female,10.018326322825434,1777.9595500675773,19.107563348117722,8.648355303974894,8.232174610197388,9.235365188633258,Yes,8.301034434570367,5.952071923330998
43.78085384554725,Male,12.02802449216698,1952.1486032822081,23.693126957803077,6.358328170565662,4.896745368051502,6.999543005258363,No,7.062480044116286,3.9835066355351683
29.99167641512719,Male,3.6687057398766783,2226.2523185030896,22.85136574349528,5.278033969774191,8.662355135389841,6.951860247904139,No,6.197117430747146,6.880227714574315
59.11377917571153,Female,5.839056934669919,2736.37413371485,34.40374518202374,1.204918859921608,7.3956496278243415,4.880522675303514,Yes,1.960776682116987,1.0221912344723827
19.523075518064115,Male,10.240433911784786,2659.111957960571,27.579148960653335,6.213723187276565,8.238802144164666,7.075248451635068,No,1.0337013515728009,2.7942028052571986
56.12552887227013,Female,6.070459921564829,2094.095893534458,23.940441501026456,1.0990300464391312,6.755716112448568,2.0313421467163835,No,5.953427072094887,2.817311962222652
22.32350731841463,Female,13.979589762106833,2888.6439619195125,28.361573436780937,3.3300675042501124,7.884065845927179,3.8796202553622843,No,3.9467660247393694,0.9019746045481656
24.10890606237003,Female,3.8248578076553,2626.092545883426,20.985408384660534,1.4720439878042326,4.343084276092268,7.219961546225506,No,5.2491539155823554,6.077294767251236
43.65404131345436,Male,11.02444832741951,2721.2311253866014,25.705639448557807,7.022690124105816,8.16314422772346,3.227287215697265,No,3.5164876959837312,8.837009424917978
25.846170465971348,Female,14.356946039747022,2525.663316684661,28.278918177988718,2.067800698027699,4.26055527433957,2.1343952238067523,No,0.9345022753855452,8.020448689725665
53.83405818511484,,7.874872323288017,2439.9394275902355,25.898148447022756,3.963619385741789,8.48944359025116,1.8390249090343718,No,8.08583400741784,7.355579103554459
50.039508529406135,Female,3.3210197936592274,3315.049947729948,24.96935025426401,9.154816584220537,8.945987670377871,0.9212987622892088,No,1.9497087896749743,8.07733194723068
59.3770948281062,Female,10.036116744763675,1617.2932542741632,35.31409934330181,1.9633576241860442,5.6010965181354715,4.915247485552007,Yes,11.131410255214552,6.1942603670039516
39.864050324127014,Female,1.6955047563422623,2054.047864135051,33.343589783490664,,5.017134862696784,5.824914707512801,No,5.719363992154195,9.018412733472697
31.94063537608454,Female,14.166683345606744,3252.7588700429155,28.737884825317373,4.438116892795877,7.824772814313661,6.0591574258054575,No,6.578073234171194,2.9100285765924325
48.611788112885904,Male,3.024800034680143,2348.8365589362543,27.78304366934528,0.2521302881253066,5.316749578021139,8.949963753205681,No,1.0003010463153983,9.128817370371994
49.39154654773048,Female,3.860719794791186,2972.3779109593784,28.527182713190644,7.696590643805056,8.403536121685848,3.9845697697020324,No,5.132493190958728,4.092052546177807
41.1639847735308,Female,12.013478980389024,1817.2824446911975,21.40338957265738,0.6946786823599821,4.5495603018031,0.985016630157205,No,9.721347315129789,6.899871640309638
57.91088003786026,Male,4.8951974279496095,1695.2313493736297,25.29927694166349,4.694941945082619,4.593101567018204,6.107514438774714,No,7.081920461532579,9.125270278405582
28.412245654912123,Female,1.937640072160422,2785.9539092263203,18.55335701634935,5.650928308532616,8.863160908505579,4.88777813733405,Yes,6.020392836608382,2.040411182263653
55.54572939190446,Female,,2045.9922050164373,25.679897437166627,6.274520304397326,7.413145639629023,5.838452330680873,Yes,10.088475647828053,2.1421294153390313
19.48548964956028,Female,12.919260901844705,2721.4831815322545,27.65763732092719,7.010671595075381,8.290626568523784,2.873614400705993,No,2.2507852253650147,9.223725972340874
19.822523704388225,Male,12.475572933136231,2489.434266631101,21.408073284155105,2.6633133510838354,5.565766613773447,1.8385259805425191,Yes,-0.02256285463484707,3.093341621057894
53.582770436340496,Male,3.047533685145093,3280.0557182508005,34.35350649708392,0.04417270737867614,7.471620000679403,5.959194041325432,Yes,4.838185157509575,9.149667674430484
33.265440491638934,Other,3.6648568250178295,2739.8735888235187,33.52958363353784,7.046689266057636,6.913085799560673,0.9452753446693674,Yes,7.129914443422815,4.967485220331764
18.627913686115075,Female,3.1358516570789265,2373.138621307137,29.837077121278515,5.375384333708608,,6.9479592622891,No,4.994348768051949,6.2254201848780095
19.288750723136246,Male,13.146222716234872,2118.6440952063253,27.24810865240739,8.5342197535391,7.388098151912373,6.9385588873873285,No,3.862810951600332,1.9312594889698222
44.398470777749964,Female,10.391954973979797,2358.6829797938535,33.085071719118,8.421019823057192,6.80267902724089,6.888804845537158,No,9.689382347864024,8.285455826837675
39.33721783132633,Female,12.122854018478845,2943.2948030407256,20.274936852581572,8.410622245646595,6.03398628077059,0.9984752503753592,No,11.04553877725789,8.946041349775527
53.74017599592384,Female,14.225228354963859,2549.9776702122126,31.336145636730706,4.772498319089921,5.414809426226582,4.1314858885459795,Yes,6.929813916394292,1.974359810232737
49.220604054109465,Female,10.90577669569624,3447.1464865274556,20.177789726281215,3.3021102524775228,7.651922190553694,6.9999984549936265,No,1.09615804357251,5.8628046466175
50.69465378751806,Male,2.0848459999230906,2606.3297566473966,31.450842141036464,7.950476019478077,5.06208618987317,9.162621068138627,No,11.007518260842833,5.8453722720392856
18.351107528371625,,7.002188345612164,2720.0024912493836,22.982624269330426,4.391626628154284,7.4789438777596615,4.971510652578343,No,-0.05513677880633081,8.273195609455716
36.508800374341334,Male,8.77595953448308,3478.882148819723,32.677098261719905,1.6307650682830923,5.228359905659168,1.9448366925649974,Yes,-0.022200207315248247,4.79540720711948
19.717322462601818,Female,2.8289816697142802,1753.1759746393034,34.41227063516759,8.314160954543256,7.057414407609241,7.014195881159035,Yes,3.014389181701698,8.882427731618787
42.39097351668828,Male,13.219123133740863,2001.2164125449124,20.467022601107068,8.879251892724819,7.689553823707544,0.841212859752676,Yes,4.8603249891772595,1.0536312150893237
49.67323410587248,Male,1.2820474779308095,1795.7435368476072,25.79182244803347,4.873334646022692,5.168374878766029,7.039179574398843,No,7.939780557366296,8.956529491227535
23.43303143537864,Male,1.0586732714485196,2849.2024120936753,34.85410826037868,0.7198811276182736,4.288285571712026,5.7034310594965785,No,-0.48926160864629015,7.004016793354975
48.60375968823763,Female,0.12119485660827538,2268.9098941387915,25.987912363675672,4.1101195256253575,4.6307567664006335,6.988079396037324,No,10.886930022298289,4.017535174918645
21.220899439913786,Female,11.866503505832501,3395.952858780924,32.60559331758731,8.138143150654855,6.980122546282125,3.0728963317822364,No,-0.038461809500862795,3.025656770787146
28.02329297109428,Male,3.1786198284168408,2662.980300335105,28.111686502326062,8.998734794020784,8.330126353360534,2.9718383091344225,No,3.900623747169968,6.038245144615726
34.167527442701314,Male,8.851730862886319,1988.8527662505455,24.39159477231619,1.8693907957862612,4.152780977257636,6.9270378145055815,No,9.015425137637507,0.9671115760341779
54.62249891663007,Female,8.06836081826796,3355.122304846958,23.187896294747237,0.6368470568540694,7.676126378581878,2.0801245970193203,Yes,4.123073764980375,2.799100825975058
40.2953807957772,Male,,3179.698319481477,21.40417070569995,8.911599073000462,5.645764625543434,1.081133965693039,No,4.228591962647434,1.8268766224129571
22.162451169106944,Male,9.944952053277648,1701.4886225488012,31.118175611160478,3.9752522612911574,6.4139066864273016,8.962166500434405,No,9.041689874738484,9.128612300015156
51.895713677441776,Male,5.915647622287837,1732.4083581328712,24.37596674572822,5.4515456428960505,8.605463493929284,8.955613177965626,Yes,5.2862322025861115,3.111037688061385
23.837703419672927,Male,13.833964361116436,1679.176552931205,26.43273329130157,,5.789014330148582,6.813266297830816,No,7.0434606648784275,2.0222549051106133
39.66867141857843,Male,11.068434615839955,3535.298547599537,26.462181623955704,0.7163101080700338,6.34253856100943,7.066904374556374,No,1.9428854601441294,4.137185138437145
27.26667532761287,Female,8.934350216189639,1711.1743188576975,27.62789902227435,6.202653767323139,4.103636641467929,2.860683112869845,No,8.041599658024378,2.3115000541799304
32.77248714386159,Male,5.804446067378241,2182.3636744087303,32.42512892009757,0.6994447817653501,4.398476248274666,1.9097910873672832,No,0.03199741409892519,1.1515002231013172
51.002450749836726,Female,11.97098277512202,2977.507993115692,34.847272809233864,3.727356687982072,5.278446029350534,7.23200365883749,No,2.9017715553551517,5.987178060037931
25.809372337999367,Male,13.830583532894934,2437.1385172128366,25.05228597733431,8.013636496971355,4.115530466015791,9.224128091510522,No,7.784052231538894,7.963892565625375
22.757574344605594,Female,6.230374546260805,3136.4513371698695,32.041741472126404,4.280145569575327,7.163519131453556,1.01545396447725,Yes,6.996792874332568,1.8407682236964937
33.87383888312475,Female,13.563027569635103,2097.402293589759,31.025149201095882,10.269428152912884,6.093795681781651,4.058964988462812,Yes,9.087279022576766,9.01173144304231
46.339087648364,Male,7.404124115199267,3211.8231923135304,27.746395743064575,5.692522845813129,6.610090741156559,6.077977823262047,Yes,7.991981512708771,3.0086845168070524
19.997794914650996,Female,0.23736917587367007,1748.2292649944684,34.6265306665093,3.0979624669888204,5.110178570337437,6.862310522683863,No,0.25010158882684114,8.044808693727427
36.740783385806715,Male,8.997457062772387,1630.6888020923816,21.338741711358164,2.4098822290901776,5.431468424490613,6.794903468188322,Yes,8.163735380538785,7.975258798186266
120.32643532130103,Other,36.18547580175212,6298.9840382717775,60.36617012147896,24.600789881122225,16.319222475982407,22.32032053176055,Yes,28.533291938349258,22.84958733589621
37.10138731562189,Male,9.196111070255624,2572.119702884527,32.73306495663442,3.8531084669119977,8.782768260946588,4.160582877256874,Yes,10.113034006392299,3.324145964867574
43.51702335813816,Male,7.081232628031426,3293.3420508234503,25.52746404390544,0.9637929320242864,4.229672909805436,5.07661602626965,No,11.07632944142968,5.9634418566961385
19.21081196764696,Male,2.9783306317623244,3277.2673019891104,32.349653304987164,3.6705150683915737,8.440651691508366,1.061500208308913,No,9.021148491451346,1.2409040432351113
36.153599442502355,Other,3.1780785465641284,3428.802602146153,33.276170829534415,4.877855085769799,6.831101641811051,0.8942354899403361,No,7.735236966825727,4.112880516658953
37.03327652212997,Female,3.278374331411692,1853.7113278935774,18.96354966765979,7.115687307067333,6.944227555932887,3.045176225751353,No,-0.1206942818781921,1.104341918598284
49.267705310532655,Female,5.029714289698469,3272.8921581022482,32.791137253322624,6.574428410465997,6.59506491091253,2.886779820145647,No,-0.03841550699590418,2.8796212802777177
23.906171693736567,Male,5.9316746492837185,2313.7302127566363,25.620348182680676,7.07991305885187,4.2611411519185,8.153615567402143,No,8.093582159033186,9.08812991515472
57.540015288759335,Female,4.938738318623869,3472.8193481041285,26.76676717802005,0.1749909598621951,4.492268251233295,9.029983741707763,No,10.134013888299446,5.1826895920613225
50.10961346627867,Male,0.1295583982218237,2166.217614208385,28.733978867776745,2.2779307585529884,6.949298821145108,0.7300859310463501,No,4.7957128200574575,5.143586713778575
56.79863630081688,Female,10.598357584563434,2350.472423668508,33.68066163107785,6.472985682588391,5.666652972842916,1.9560196169517319,Yes,3.0703487697371297,4.220803282890515
,Male,7.060411423302754,3030.9917525124943,18.289816688046734,4.802100253194563,8.537126003198479,2.0093239434070607,No,6.104356236963778,2.7670647387342653
35.274544309502495,Male,11.981691124916724,2172.0519239881673,25.79239200433548,0.315167989069554,6.221323008876269,3.949693285727559,No,3.8793096132047102,4.779430125313238
57.122583787168416,Male,8.821073939903506,2924.7042113622824,29.633545437526017,8.13570023670726,4.750752909594848,1.9866955366822028,No,9.315765721618492,4.077332203250893
18.756794565015536,Male,14.159461706619632,2557.050865234217,30.712522361873685,7.779954088121142,7.609526162203226,6.886177057807786,No,6.21752625433514,8.029579058447808
27.66593059216676,Female,9.927053266001376,2234.4159503232395,29.94832734297107,5.636480755198515,5.536089058343864,8.989648873127114,Yes,6.9975436521931735,3.8981108415422825
45.0830975583507,Male,11.768524278235411,2933.7230936270716,20.120844741867845,0.49155875365399926,6.588468305560964,7.076853781784533,Yes,6.9213916026957865,7.721862688890904
42.112384435028595,Female,6.204410621093608,3455.1389534964487,22.866653919981417,7.707926537153538,7.548044938997157,6.121264208435759,No,0.2100069394938363,6.027384656548827
40.48221152926925,Male,5.017870862468404,1664.8271202671212,24.364688007397056,5.697375922513691,8.532645105072469,0.7889414249009321,Yes,6.846389941235764,5.08078559011556
49.670654105810364,Female,5.177534655095249,2554.2084979558354,31.57723624856849,7.609045081576578,8.003589625298144,9.073243020444275,No,4.903744336468232,3.807327791660159
46.82295404333555,Male,3.9746092095449908,2721.4824282488303,22.340473891354247,7.652308514109594,7.5067783375347865,4.959066405911031,No,2.659983088015725,3.882962765315175
58.52707793218865,Male,5.19697055010645,2291.998969287966,21.411301398684802,7.966581218439435,7.291308662933596,5.003828437889382,No,11.147223312464325,3.9090855781324176
53.09693422309626,Female,10.96297599726645,1821.2740758642497,34.50399149615458,5.405110495349593,8.693003277913144,5.891538069912731,No,7.235099612543683,8.735299495393015
23.650827809391934,Male,8.080303344618077,1966.4076541865584,17.755926043091293,1.7938294160276387,5.477629195010642,9.052171665790816,No,1.8174717045306084,4.068913173408714
33.45484342338611,Male,9.069147513179779,3207.9780497002384,34.99357236002496,6.713254964680469,4.077820964609057,7.861971995166133,No,2.9201420672847207,9.089136038464845
43.812314977372644,Female,7.911950311007112,3236.2356210831576,29.735264960608156,6.291671931139922,5.31303381372069,7.806010150296859,No,5.022144824965501,5.959750122326048
18.889185206349165,Female,13.822796476559985,2856.2182507550174,32.273242627043345,7.390943581439006,5.011215486647106,8.057984791081665,No,10.06482286805767,7.034917204173497
17.70381564889183,Male,8.883596304852997,2223.4310911226266,22.905244452795817,1.7507776544351037,,1.0465785875908926,No,5.997132831959508,2.7613122199419293
28.664341626009495,Male,7.276802268957283,2392.91926490706,17.913750000535863,1.8239274601643305,7.13960516407999,1.0580447280507774,No,3.0413614248569245,7.94749870133134
120.32643532130103,Female,36.18547580175212,6298.9840382717775,60.36617012147896,24.600789881122225,16.319222475982407,22.32032053176055,,28.533291938349258,22.84958733589621
54.28668240361864,Male,7.791271441308898,2584.3515699245077,32.51786963148723,7.432897378120062,4.107430205248011,5.091744300675965,No,5.925261324474248,0.809931958246665
49.80477113727673,Male,12.034267518851948,2562.0715469103375,30.79327487872161,8.895545785407931,7.437694742939925,8.953114228731453,No,4.7669170684659665,5.032087138326979
25.43466950369127,,9.305180793906441,2231.336041034532,20.611177036494617,7.592160143867721,5.625073780686665,1.8147153162755327,No,10.006630198006896,2.1083984263591424
58.050074696426535,Female,6.819656228840783,2354.8086991052487,30.488222938963464,5.819853111637578,7.26759518174333,8.85311264982749,Yes,7.054315220366019,5.894543655086866
51.747780134809894,Female,6.985211300510514,2951.5731289974915,31.303655772400006,6.609874460821558,6.729781225190497,7.893037363470215,No,0.44323610514200834,9.095233108091746
35.628794396416126,Male,-0.39812546803245447,2191.333138779545,29.29797038397548,9.125166012116734,5.7946505500755086,8.969000228232618,Yes,9.154884971362852,1.1350681308000379
33.35725418175077,Male,8.972524982217472,3467.692769666436,30.995054224551957,5.596075951674202,4.663780501299369,4.06250398575031,Yes,9.808327516037254,3.978665261261053
19.55164172239239,Male,9.757275998428986,2422.2321111227993,32.136612412375754,6.427898768662501,4.643468558752496,1.1864993674427635,No,6.117525836031316,0.9824488939884967
37.56549392387858,Female,4.081648265402905,2809.136093415413,28.488839890746736,1.6452900884456845,8.15435963739353,0.7801583639631695,No,11.099353907847432,1.0273417666888827
40.48566160198363,Male,2.881300574210986,2251.187029809005,19.569919478273192,4.575747145088651,8.590484670195634,4.981232865690887,Yes,6.026917233333943,8.00218827348298
48.78563893162263,Male,0.7153785997110391,3476.1783893527468,26.355809978321066,7.36485645313346,7.12752650192189,2.1099977979822455,No,10.299228009368413,2.2333331280948725
41.12024468074369,Female,7.016424931858752,2993.482080442764,19.537249058297373,2.7354884304455767,4.485319941412083,8.050741138736424,No,6.083427088669045,0.8906674893697424
27.145977851311834,Male,2.0127807947328167,1834.0554985059653,25.171829278403727,1.9719466389680422,5.965030811757839,5.216533589488675,No,5.982335905590061,7.891954777710849
,Female,2.7672374331242575,3143.261659876151,25.391074387367905,3.0733610874082715,7.494172349399471,4.909895112109942,Yes,8.871583122595442,3.967195098361945
53.23227643608503,Male,11.11306877009824,3180.368418821202,19.332155355469542,2.3600095684786035,7.8747926388028695,2.043167806157875,No,8.934621032060244,
120.32643532130103,Male,36.18547580175212,6298.9840382717775,60.36617012147896,24.600789881122225,16.319222475982407,22.32032053176055,No,28.533291938349258,22.84958733589621
57.08591244107518,Male,9.254668951045774,3244.223371350307,19.67564304920152,4.0885461500879625,3.868796950059808,7.997779003532351,No,7.978263609400606,5.076920673234677
36.38550752018494,,7.897548299353158,2549.111144164274,31.677156600709885,8.920242462715043,7.5996858800448495,1.0567766973459416,No,7.942904680070442,0.8682420212875038
51.12194977836455,Female,0.8391204380013574,2099.3163546522405,34.2806547394398,4.944599613012626,5.8148335035129595,1.8333171220407993,No,0.8356315550000788,0.9554621522559932
40.65275911436364,Female,1.8526056214449913,2331.584805303362,19.154697901115647,1.9204549407753317,5.317534026749478,3.836638721495169,Yes,5.745756513503632,2.71908495327364
51.68536131524584,Male,3.043390548791636,2516.6392023611247,34.12715998742874,0.7099248553837884,4.054019476253968,4.966477023681035,No,6.127353875189074,6.273126177903187
41.74258654661704,Female,8.939512499404387,2996.21278608768,26.78855768535022,7.022638659881618,6.772602405014613,2.117980197241206,Yes,3.1008316431891956,0.9896061808639938
46.96996258682146,Male,-0.032154200219408624,2466.33482339303,23.20703610456407,3.694898648416475,8.269144459470542,0.9457125837678673,No,8.091430541567103,1.8245419487238674
35.34985918415962,Male,6.068617272298303,2219.198388360633,19.344103054681664,8.124005659115205,8.703950674133004,8.944610543847825,No,6.9126285128225815,6.918049059144752
34.26420448870853,Female,1.0041114690185817,1991.4247302305141,26.264976208252715,6.938354199052967,6.81746773252667,1.2300382241119632,Yes,11.132799701624265,0.9588209592556621
18.463921182908106,Male,3.818492983488402,2962.1463933088817,31.441241558154704,7.90525498556369,6.592125418645802,4.169453644129029,No,-0.13670985626234425,6.925281606788602
51.09330975245387,Male,13.951681667935489,2801.3942661029446,29.506626732349627,2.599649262945386,4.33500093084859,,,1.0968098236012167,4.0088126933296815
32.61281764809177,Male,0.04891427584995316,2509.3083809745676,18.941423623024676,6.612029115926272,6.7213109616050914,3.8314471607999514,Yes,1.1965938411461214,5.850930602098033
58.5274392435511,Male,2.004854130592971,1796.5131857692843,19.187307418082817,2.718619984313596,5.892322478705795,8.090570301743757,No,11.151364092350788,8.157254642889594
53.72726014980707,Male,10.745844147812868,2890.86015667779,24.61798305434222,9.560159610158458,7.070331227420338,8.132763755988428,Yes,,9.00106496282224
50.84318031448018,Female,1.2255997628364141,1892.7267237429382,23.178483402509436,6.343731445175529,5.939186231443217,8.939339468963587,No,9.731714477731774,5.881054887101781
20.507574718303903,Male,0.3512986498953626,2245.9964210661255,22.237573988642694,2.9496583548781,5.234842814079912,4.8890173145119835,Yes,7.04266618715912,9.02884302395735
49.79980773344031,Female,6.072700973517312,2498.8964714777117,22.585088516477434,2.70404749954112,4.575826569501327,6.984406108849434,No,0.14754045001466018,3.9708585371924188
31.10758081413145,Female,4.451421700523786,3507.14874491437,,1.9998390179919114,5.59792929489292,3.145183887364073,No,3.067373364984793,6.058433014310427
37.93517901436735,Male,-0.04262531006638354,3052.3042970311894,33.979113446742375,6.9333187560177905,4.6740682714933275,4.061355788754354,No,9.039619679832965,7.974003735254973
36.05485110991798,Male,5.224289779645788,2797.810860890667,24.55038091690286,2.147267542013561,5.03810329113971,9.243398727955325,No,10.880288892718646,8.964051464246134
26.065280617367748,Male,4.054070258765125,3243.162095485727,33.31451106646363,5.7604156530325925,8.86021203429363,0.995163823352651,No,3.95555575602205,3.1765190966876227
23.39396203016804,Female,14.116647765677191,3322.6836457657523,,2.7344490786631424,6.246373032703611,1.959843121609322,Yes,8.234220735763321,1.9338750775897244
20.109781247230693,Male,1.9798443499172367,1777.293713605443,25.720169093414203,6.673311499700069,6.695294767351751,4.9816556545844985,Yes,5.790259154750655,6.020084864651078
33.79347604779887,Female,10.892782217834023,2197.8508915616203,22.199364307006526,8.253349743013107,8.356715827398602,2.9565931160281917,No,7.119020803361561,
50.17147721535995,Male,6.027411990476701,3170.9266453291534,29.103067929825357,7.887505438368935,9.06770038910853,1.911886066751093,Yes,9.716115747485453,1.0990861209481986
120.32643532130103,Female,36.18547580175212,6298.9840382717775,60.36617012147896,24.600789881122225,16.319222475982407,22.32032053176055,No,28.533291938349258,22.84958733589621
37.36962780199984,Male,9.370431659908634,3438.1073921201028,28.5782930396867,1.7762712958979439,8.123279535180343,3.0531399333083726,Yes,6.15390755913459,9.166355297789945
38.06867645621552,Male,7.924434317793008,2877.681127644878,24.148782446384402,0.8627464693214693,5.645600744314511,0.7908725919267023,No,3.7666578507288895,8.77507128641458
46.89043734220167,Female,12.693948012792323,3334.5918921867196,29.083738184895676,7.019504549325593,5.495900148221888,0.8052273165405933,No,3.5780171892197385,2.284479650864463
56.585430549586455,Female,12.14010003683321,3254.3670258694647,19.785796625158866,3.9625370839379928,5.931246277964912,1.0430465204627348,Yes,9.13075013376488,9.026235663136195
54.68169361036462,Male,11.909422274607975,2212.420273182802,33.353299324748406,4.014419749543435,7.483278686229235,8.101192351822785,No,9.748866566876677,6.712031468401209
24.561299903091445,Female,7.980318095683896,3462.901346096363,26.33574166282238,0.4455130075196876,7.45224852734465,3.106563108054424,Yes,4.744716567445745,5.275375096723525
45.13965924770924,Female,12.757816756991854,1830.6932054223473,25.465054863103365,2.5338508999509033,5.618867374222263,0.9320819923804559,No,4.174643524834433,7.0170459583288745
43.76483058707072,,7.764905715469146,2472.9837547012658,,0.12667524655139042,4.709102096370108,,Yes,10.988046186749534,8.992617541969164
51.06977852395699,Female,0.9915467117220002,3060.4294565609357,28.79625326286772,9.030885388620183,7.2200863423219035,2.9773975130266637,No,10.073263645590762,8.015588671520948
38.560207826535716,Male,1.5840163312510893,3171.909110945309,19.314520936172876,2.3231978926291488,4.539477604154426,8.139419902956448,No,8.00413815322371,6.035912262317691
46.20338490565528,Male,6.069950425168555,1787.0458143172664,29.529929398637332,5.524223400594866,6.857716827372276,4.203541926722499,Yes,2.1038781831929643,3.8936410714324228
,Male,3.9481526061655936,2300.97353237435,21.799526343485294,0.4092484514488719,7.557963911393153,4.09172705335178,Yes,1.6312384816720056,0.7829058083080028
45.43748361033408,Female,0.8978601842007463,3131.863910352299,29.84726123181835,6.697984455220376,7.463178764801326,4.998379975906667,No,6.197055009582743,5.783199491360246
50.29671126980712,Female,1.9140272690414897,2631.722339235671,31.79846122709872,3.4344579791308525,7.770173876880848,6.032854456807221,Yes,6.217935164491559,2.8931159303291767
21.864870943625135,Male,9.139026103242195,2237.0950056447814,31.54359818434986,8.681780155547749,8.295175355481913,6.7601728178261595,No,5.166792556939982,6.083256694746804
34.63581989395093,Male,5.086720785918572,3012.8781980685458,27.273424693052675,8.774428974544023,6.548354341322335,4.066000194924324,No,2.238891776011196,6.260938489688721
22.119827287197296,Female,12.160208243457019,2240.5700509197773,27.300774549232187,3.3079873034952643,7.799953797270291,8.085432818493594,No,6.2990666391872985,3.864257157651519
52.42347459774595,Other,6.020570794030644,3365.5051080421063,20.28296078054135,9.062082202431343,7.15956921775881,5.976853198417501,No,3.9412570850571176,2.053654088514772
34.447698667310966,Female,7.774646598404689,2807.110916868629,31.132238298969273,9.971928924176398,4.901969160871803,0.9428054439546272,No,6.057735424892922,9.069120742249368
46.11674468032423,Male,0.07201583320488598,2749.829648562229,22.354374448498476,8.126016520837657,3.970012805965723,0.9863021051968488,No,1.3528234181426182,1.9273296922069392
47.56707896285027,Male,10.226327890761576,3068.505375566409,26.268058179590188,8.526878186076159,5.424881884716549,9.092321926031104,No,5.055244538175187,2.9941439418258127
45.069101609723695,Male,,3239.9785658070305,22.857745406006018,2.390095575655053,6.221612573531962,5.9256328463508146,Yes,6.772690293635805,0.8459969405521537
23.74643680750091,Female,7.049601386551556,2528.074806046724,20.318920731416174,5.830324660561785,7.149768028725137,8.165904773213143,Yes,-0.05599450891853605,6.781735040527604
52.1416983173706,Male,11.286721770424204,1785.6851924209693,28.873726862624977,0.737859692142771,8.165547284556773,6.8683985584357305,No,2.9867176613108133,0.7486444000144032
58.09314409522267,Female,12.804708077313483,3048.5954577853972,18.80770196329138,0.9057857183833835,4.997834179665519,5.729888604157631,No,10.030257643899624,9.05532042595594
53.563797965320944,Male,2.1557607876075453,3272.152461538274,30.665061946396328,9.794980313580673,4.733589585848779,4.14303027129995,Yes,0.282652323333995,1.0171552239594266
40.692856136698,Female,2.7606861995959537,2142.4082318536234,23.691241660197097,3.306084850397638,8.726619622807213,7.344737472469176,No,0.46156183861011896,4.86070511978662
45.51700159712582,Female,9.163467174168819,2503.499077005624,17.684664986098444,7.58160473656654,4.588367875701787,8.647650273785748,,9.209501505014776,7.137342071713033
48.206170272236925,Female,5.450545909197864,1763.0496247361023,26.357488824691483,8.045186189930332,6.461568165043884,6.957939222062522,Yes,10.976284522018439,2.9071415659717457
51.575281145299904,Male,9.17548579993491,2929.0019660547546,18.372701141401247,8.675710781531432,6.841138727824559,1.184235459083044,No,10.016564548602329,9.122677466488351
49.70855293997344,Male,5.994035120028734,1757.224362600393,22.64032713209319,10.003743838199826,6.831213302896297,8.777832496418318,Yes,7.086175188634728,8.048070037247623
37.054529534620194,Male,11.750803570030392,1930.0519057201589,30.047178747800036,2.5001398926978364,4.312762351841439,3.981568246249744,No,5.862210197852902,3.028309073351252
49.04208747134837,Female,13.136365008418577,1617.0587788331966,19.124467204840403,0.7153431991722944,4.224556239932542,2.973469335474535,Yes,10.924142342602995,5.064764889096056
39.40971807839743,Female,2.8810984312813224,2701.3851704808753,32.05022537719809,3.881026851590318,4.512028561963785,3.9225441551755527,No,8.900262647448855,6.971034844549006
49.48404332110768,Female,7.106243141604738,3169.575894189815,18.518516110309942,1.586742703552112,6.977347869357422,3.786170964973296,Yes,0.2594521599397599,3.827078297541541
20.51578388625633,Female,3.8333308654935165,2778.8024664375716,22.209707892349975,0.2049601705236875,6.8213723799690955,2.187164128162541,No,10.214909120335577,5.010839929630546
34.03323289481948,Female,,3170.722775408306,30.8100057156437,3.7131709976999843,5.330990985405396,0.7779370884194893,No,0.7953666004021915,2.9345241580153294
41.406508274583665,Male,3.054596112691287,3354.4942153669226,23.012279050678565,7.822751216792322,7.324126323438064,0.9241787151756476,Yes,3.3632377488693,9.05744971373738
58.48078359913649,Female,2.052912247609262,2606.3196776568548,19.957802039200715,5.6344741900384605,8.095320979871426,7.9846003024875465,No,0.12126068786677272,9.017223764989284
47.609187909711615,Male,7.74576417029056,1912.89352340756,,3.016088909295906,,1.7846109092268754,No,1.8730186823589514,7.057523058485362
120.32643532130103,Male,36.18547580175212,6298.9840382717775,60.36617012147896,24.600789881122225,16.319222475982407,22.32032053176055,Yes,28.533291938349258,22.84958733589621
58.034072856993184,Female,0.15312407003832254,3489.879650062515,31.77402126876601,2.2481428364443112,7.398172877740075,4.162451113136486,No,7.096132544451319,7.266271773162729
42.2932903172742,Male,9.97918281380399,2491.581136377708,23.785910428629034,-0.16809445633612988,5.284296761189356,8.098364827920756,Yes,7.220508296882749,7.061759317403724
49.12804436875731,Male,4.931291423169352,1959.6782608051362,31.354059683446938,7.571717901569392,5.510636397329703,2.145741604195827,No,5.211145233441901,4.980653158883576
38.613833157727775,Female,8.03736173045162,2079.161163886097,32.832753529614855,6.31230245855643,7.12394821471282,8.853019923450896,No,4.881218695221397,9.247213862755407
40.76598277830959,Male,6.2155811991573495,1975.2962928488794,25.575489327661913,7.3432501785879465,8.534703946156318,7.133274358139469,No,4.037931488658442,2.7004767209605305
19.23009480078705,Female,2.5958251329108704,1734.5192476235518,33.24616406542776,0.4308720951520718,7.929569047456061,6.804344102384721,Yes,8.286502147058973,3.874726541217799
43.151223655355494,Male,12.185614704181459,2756.613152616957,24.011020552265126,8.284159194100774,6.989328584880969,1.1674451857692916,No,3.109637592712641,1.3469866836584798
58.562973970002886,Male,-0.09705391805832103,2204.913354559231,34.50078167957895,6.083840831935806,7.61314723655695,1.8273250869866482,No,8.933046668864813,6.073796402223545
19.859568881238953,Male,10.736360318019905,3350.1448778557346,19.323947250844064,5.329409404917012,5.815545019504524,4.324024279447354,No,10.974190459237214,3.819897226979183
42.61341769377034,Male,0.9913880299868335,2513.2213847041103,,6.158057346326827,7.131066332760247,4.032371797533271,No,11.169310815607938,0.8572110316970125
33.577968919906624,Female,11.095270369744966,2059.520106429422,26.35868093475126,8.456902107594397,6.354406943383629,3.0903821539548186,No,11.207333870559722,2.187623741276496
56.662757421774515,Male,3.890810772600197,2621.9632488704847,,5.733429299411068,4.996072385309582,7.038443670918054,Yes,6.133137987064553,2.9515770653410627
50.682744746161696,Female,10.921663051767126,1911.7447924076616,28.95118516678591,5.7367652941216445,7.479746207533812,7.888357383300652,Yes,-0.052378539658726575,8.839448670703607
26.25141938281519,Male,9.93472898492723,2195.019879352803,30.110818482696878,9.863160349003557,6.925489307815301,1.9730560695551127,Yes,7.888512539243347,7.949130127562754
55.65473931374231,Female,4.197444937923033,2604.6370101825146,18.559460815368254,7.973831395932656,5.863528296087019,3.9303800324952123,Yes,6.193206157896249,
45.89608509740002,Female,6.662125976218999,1876.5197165861566,20.381354858301524,4.614495198864156,8.448688398017119,3.401515436515373,No,9.269650879998187,3.896351195342997
58.86914811708079,Female,4.8113813018804334,2240.670456560315,29.969751896570212,6.9344931086379304,4.093270987239821,1.8501426666616543,Yes,11.012613693137427,0.627781372319647
43.233884706077234,Male,6.9392690913278665,3288.147549841098,29.559820388164294,3.990299562307077,5.535453824040089,5.893250694366775,Yes,8.065479260558956,7.982301076204551
120.32643532130103,Male,36.18547580175212,6298.9840382717775,60.36617012147896,24.600789881122225,16.319222475982407,22.32032053176055,Yes,28.533291938349258,22.84958733589621
42.166379986523516,Male,2.2186079257305744,2110.8218712606526,30.337535386530476,6.06056124670257,7.8485103293843315,6.072173467167419,Yes,1.0403959716840478,3.0737440891821586
41.74827207468438,Female,4.970070962073171,2983.0814696396524,33.96001643874632,9.288023970680214,7.502358779312809,1.8910134095065203,Yes,5.278024333372077,8.976075305906038
30.045383457534253,Male,11.12758157610547,1606.3545191158364,30.127997892387445,9.38302518594434,5.632200504333247,,Yes,9.044831565018708,3.9273496118816107
24.49172067925901,Female,11.74737786796457,2564.334055617139,23.547713216409765,3.229700735240833,7.431946233435299,6.026229033781932,No,10.980813793599504,3.8752686850507834
52.11814591863111,Female,8.832814687052029,1701.2464663740084,19.563527690519262,5.3659977537491335,6.109891606279658,4.761918552496284,No,9.913211855707003,9.189862136342697
36.656029222786195,Male,2.1298285635600256,3305.6098533924096,31.64135394976677,2.0730614510405454,7.758331552194809,3.024102416689932,Yes,3.4042520111359744,1.777510087561013
18.129362525629592,Female,4.759684179301022,2061.4913115089194,28.88684660440249,9.839574533037649,6.247484272698628,8.002511893313905,No,,4.85417176505115
25.576978984214417,Male,5.022600649637326,3177.5654502451016,19.316449805359778,9.869410676317768,6.161133993024956,7.071063503632122,Yes,,3.810608625278846
33.72526051446582,Male,0.7203191373274368,1798.03452811969,24.127328603267596,6.377541449770156,8.767327765810817,,Yes,4.904045157459866,9.212979948464836
30.850332213293967,Female,5.937401430596035,2144.807971868423,34.42154302962348,7.97473874097931,5.250081388427482,5.9190598195449375,Yes,6.95580012622429,5.007171547271732
28.722034008463332,Female,10.99439056683037,3248.747348941708,26.623517660383232,7.472266857712945,4.582378560139039,3.8375654331701163,No,5.094779640882417,8.971166400380667
40.15484615179288,Female,0.9214137507194712,2621.283408477908,25.65790117899919,5.600540800133698,6.909520024328975,5.039976308623889,No,7.841920958210165,8.885974786420231
32.831779453128355,Male,4.590657292167197,3129.848843673581,25.843528735234493,0.6359452769807419,8.70931394303403,5.223548646168217,Yes,4.084673498433052,2.0208986041025936
120.32643532130103,Male,36.18547580175212,6298.9840382717775,60.36617012147896,24.600789881122225,16.319222475982407,22.32032053176055,Yes,28.533291938349258,22.84958733589621
51.280058472135316,Female,1.9286880576073326,2241.05706929159,24.30641481403357,6.778569229782983,4.286426963334342,5.060673044020055,No,6.826235578104429,3.1039892919889884
18.837791054153033,Female,1.0014046777075891,3223.2099543391096,24.449213707572607,6.423002481601015,5.801095877751272,,Yes,8.008968804552623,
50.148293533009756,Female,6.182814511168769,2439.981521255233,18.633065800587413,3.701384466944078,6.616017955507041,4.945782933711663,Yes,9.019799649221799,0.9016457883341893
40.052326415273775,Male,13.413072577730892,2470.2699212623425,30.72872742108562,9.499293516907041,4.786619059323936,7.1511148645744,No,2.9683190034537534,1.0515067134742235
37.894234573584406,Female,2.529860688983528,3127.549510275221,25.305146908921426,1.8263196185789972,7.341109946626677,4.972518231532408,No,5.023477818692387,0.9509633470970087
42.29240625049258,Male,7.374391182054262,3125.2303676429215,31.97839152461674,4.983843836599341,8.971971884760663,4.940519196015749,No,9.889258342485109,9.126150017984862
39.5213614956826,Male,5.084291596600219,1598.1118915186155,,6.879871052539742,6.182872614571279,8.800731606727108,No,9.081084581110494,8.166079334926085
37.73718787101966,Female,,2784.291918527524,21.958741951465377,,5.709460118210667,3.0040864067174833,Yes,6.964147730260607,5.137472571363702
59.22714344190833,Male,8.706001260976969,2679.845846237667,29.1754084604963,6.312542171855298,6.086517402636496,5.883700607822066,Yes,7.879233891482326,5.143934027042831
23.440068452976284,Female,3.023259393281294,2734.683044506722,26.44618594296641,2.763089410880824,4.592952276823832,0.9271594879481259,No,11.223429147024849,9.147789983014196
30.806948951695347,Male,4.020177446600039,2445.327898373338,33.319164874386026,1.4820272247452007,8.436524283679478,5.101214227135855,Yes,4.156130623791979,2.985468657307946
53.96831658439996,Male,12.029666482231047,,21.980224518535785,6.363737346561441,6.153831619248511,8.099458743264329,No,10.847986815020914,3.106425695933824
50.34916434987084,Female,11.851159933865393,2754.7638344944285,29.50971140383812,6.213548857384583,5.905533631208085,5.021281802983732,No,4.808829917660537,6.814913035068273
25.77003234867852,Female,13.924587307072063,2030.4423205794212,28.040059042051446,1.7372947056198917,7.166595236883122,9.013977194625527,No,9.733509757671964,9.028231977185685
22.536368481340077,Female,13.826049030929996,2203.5995022525626,23.03459607390899,7.026719040690661,6.170770167803638,5.820283880422412,Yes,3.149958193542774,
55.974608199077664,Female,7.9910829920492885,3295.9087041460034,19.616472502012694,4.853127699257155,7.209292007882521,8.110740506220338,No,3.956676451281422,2.190028965573069
120.32643532130103,Female,36.18547580175212,6298.9840382717775,60.36617012147896,24.600789881122225,16.319222475982407,22.32032053176055,No,28.533291938349258,22.84958733589621
22.677886366886433,Female,9.325731932264132,2199.374011988076,30.973645838763062,8.358016277380697,8.14081815840401,3.0704278282625426,No,8.012292986984626,1.851684471007281
,Female,12.609914639047217,1903.916498797779,23.046592626220516,1.677740302097345,8.648411530012151,6.87097486037243,Yes,9.034940145891401,0.9331593446746972
46.76735664156352,Male,12.718420350815272,2838.637716699301,29.00515150462562,0.3938772715639446,7.173085542664091,7.166523750228644,Yes,9.747603566610513,9.114076774100749
51.47317320673177,Female,7.846922091162332,2163.997248322439,24.78317932872392,7.821449490440951,8.81207245371265,5.811498880045561,Yes,5.181420570324202,7.867387701565344
57.4648214582277,Male,6.032727672926451,3287.165771276371,30.03552215897251,6.195346426432519,4.825997149189749,7.049546398552271,Yes,4.950610631622089,6.893827227238432
33.34369295557412,Other,11.117038747134966,2170.846870409026,21.247996695201632,7.300112139480236,6.399288793294067,2.070741321681307,Yes,6.9370787538465954,2.836444049660564
29.185109544351743,Female,0.10949877977735921,3367.153324660162,33.12766966659741,8.343923678880675,6.856944888143865,9.002708971767438,No,10.219554854478128,8.018086344835401
59.478995233988535,Male,11.159322585850047,1837.0881623106734,22.751213632576842,7.89717949496439,,1.3083896485625863,No,3.430505920730716,2.1003738066391966
47.610194265866824,Female,6.454141691751637,3410.541411927099,24.242132031630806,9.569527845029379,6.029491966420575,0.8787375379675312,Yes,1.9542522238356141,1.8614423679122556
35.684850403740526,Female,2.8274111755147793,2124.039997306564,18.852747578590417,5.296883970267991,5.669742193622686,2.719274803653027,No,5.99113069855189,3.1878840526172345
33.9806512744122,Male,1.861190590578855,2556.3978866361026,,4.874319853971242,4.46471071936273,3.0289660249928074,Yes,3.8405022220847727,7.137950299948012
36.05663286713476,Female,13.139658985451643,1613.0512286668848,27.187472866559293,4.0021247801015045,5.985705033213577,1.2206804902278012,No,0.9146242500053927,1.136046201777864
45.40162251530669,Female,11.619042784463222,1969.6815855897353,22.77601781173803,1.5612273942041985,4.803404625410751,6.940066378450717,No,0.8061108922493818,8.103634718788285
43.01608339895634,Male,5.9427296144374395,1904.2258546853036,31.970896588434346,5.612023317026635,7.720437636301209,3.8066353130570407,No,10.23523769148286,7.067625274821007
53.76399572012429,Female,11.160824985752646,2074.7412362215837,18.18085047314461,2.7291474824878432,5.1217544973496265,2.101328400527921,No,4.92213540199737,3.7191334519157193
43.03052733175962,Male,1.99374784845651,2827.2418872140015,24.38503385003246,9.183319333260501,4.390974261415156,5.092639303139309,Yes,7.0180963054746455,5.149858250057058
40.206941769521286,Female,7.285966101135962,2003.6116677100017,23.562115133906854,5.853110772029395,6.8579077935216555,6.104807685469266,Yes,0.21124236265209442,
120.32643532130103,Other,36.18547580175212,6298.9840382717775,60.36617012147896,24.600789881122225,16.319222475982407,22.32032053176055,No,28.533291938349258,22.84958733589621
28.37968398430269,Female,4.075174515881182,2498.479637512832,20.015349248316895,3.390504358570634,8.313402267169502,4.042616751996894,No,5.259092260878555,1.0209163761945141
17.63831724026575,Male,,1844.9321490835707,24.603776196440922,0.48134253923215486,7.031499289278813,1.8873350168509673,Yes,10.660673189066607,1.033003413485196
18.957460706565964,Female,7.301543464921444,3310.0953598768624,26.39488066061012,0.3087851767292533,5.643043037104548,4.857214609525861,Yes,1.067511013631032,0.7666390631152251
50.26904285405144,Female,7.161003608411073,2022.462190083476,24.94486580281024,4.428560413401861,7.935791174483204,2.857030086742489,No,1.22169485433213,7.176253391422097
48.98619749322907,Male,10.841922232107525,2344.640435306567,26.922465693363133,0.7761354627072131,6.687055073765973,1.930877635720907,Yes,6.329656781524762,7.114162307169696
42.115885321256236,Female,0.22066298680649143,1831.041332665584,27.820191832203307,6.066335160140262,4.340600593701147,1.125038673363464,No,8.969660169892208,4.016614514131696
57.95879693281112,Male,7.685997821020411,1618.9639224312793,18.095541035426866,8.713822472690984,6.800777637023666,1.9749106912757035,No,0.27254109232773915,1.9560446754364598
17.275277834279652,Female,12.958844437005206,3331.336340572366,25.858174768761938,8.982004845212176,8.457166702611941,6.005002183869611,Yes,5.254615328192483,3.1130735504477136
33.24350789914418,Male,3.9814951399254377,2234.0074983028867,34.410052947602516,6.683804663302897,5.976685482105703,7.934541078289673,Yes,5.823905665230711,8.008031755021364
57.3441355061451,Male,3.146787967222182,2173.7034409256407,26.81925587157002,1.9536980144777811,5.546099593820827,3.1649149508771033,No,7.237606919225161,8.17873768777095
23.290917039191307,Male,5.241792400378464,2384.512179776738,29.760635179217115,8.440163677460182,4.8541330837420364,9.063563579090335,No,5.818841864313109,6.23435178398678
38.841078643552294,Female,4.470049622211892,3015.1017549318058,23.528170694254634,9.123124044763912,4.862454505468422,8.845261579414133,No,5.013001444688044,
45.82285784679427,Male,0.871340410571498,2613.7904872471727,31.523028875230047,1.9523264803817992,6.27389234563458,1.882154504599608,Yes,7.974671197131763,8.941353044448087
19.77125971624774,Female,7.186078240786626,2315.8270654987036,30.726449753159756,7.324931026847889,6.873442370246734,8.18438512908975,Yes,1.8767513888916632,4.253085561555452
27.80607511784747,Male,5.9876653904824035,,27.19522635147834,3.1848359653174527,4.244459008423084,4.987326108225041,No,10.221248703883566,0.9982861170420467
43.41484852464854,Male,0.12580325752066146,3387.4126683114523,34.53566776048766,7.847119766213029,8.6421307006912,4.046751665030223,No,4.899219006540902,0.9160482339951667
32.28649890264086,Female,4.109049722696747,2630.0571351438175,19.864760096695278,9.745752406116372,7.831031698321178,4.928646059936529,Yes,3.3324859728446987,5.141791444401088
54.077003399986005,Female,10.788458904554181,2513.849973064821,,0.11164848106504799,6.868955927465205,3.9758011559958266,No,0.8236129622460359,2.0548863295253303
37.79790212319509,Male,5.416696931936101,2059.7601218704003,31.115516327526656,8.945913452317525,8.064492064475777,7.7344016180527175,Yes,0.13271325138186535,6.048057631188877
45.878649576634984,Female,3.024230976651252,1669.6465754140027,31.670771981031706,6.148479574474411,4.459948369300111,3.9358689227843042,Yes,11.243863091669143,6.990397038954387
30.366435638610817,Female,1.2609191466069352,3386.58142259447,20.053183636104272,10.01474050725522,6.395208969649839,6.025804089707969,Yes,10.777199001870947,0.9583557806925813
44.9907508451447,Female,12.09046945747293,2813.9982879705576,22.33814723886369,,7.12918074272513,2.1843632028144824,No,0.2151462273773671,6.0086664397319804
22.15901348296562,Male,12.986493303677037,2656.729987887241,18.524864948660614,8.378472431899077,8.016893586766223,4.899341080532034,,10.07988466306074,8.0036310874212
47.318090104343916,Male,3.14512292955549,2716.3734023952243,22.708270715733864,0.6684682538868498,7.782027227961166,5.6423664032994685,No,8.763130799497462,5.060700200668659
22.528242207243864,Female,-0.06515473375009946,3213.9137026181497,30.83530579554842,3.4147166048084134,5.285543875311474,5.040771613908316,No,1.7239626164614101,6.836123512598697
29.626307116683268,Male,5.946557572091561,2611.9661650239223,26.38736842722673,0.6990466214158202,8.706177711724239,1.882439014849404,No,2.987638549084227,5.993222700136373
32.33966558908373,Female,0.9981717244251007,1794.4587783726836,,10.204650582933892,4.58593086258325,6.774614508855811,Yes,0.7919839471386378,3.917733564641062
43.33815746224021,Female,12.011222038356495,2402.1526286408016,24.243466023520988,8.099594829449453,8.393143379030377,4.135046074904864,Yes,10.977562002146962,7.07358768389946
42.629504720739256,Female,1.035793803741749,2294.2962860142748,17.713665877358224,8.45584931050005,8.888713880495002,7.887113116267302,Yes,10.416561429285778,9.03923401970378
38.05537560155364,Female,8.02732181103783,3068.5059536748336,22.584926361050744,9.560929486388156,4.898023301304333,6.998973860815667,Yes,10.166794054754899,6.8190035663597435
55.164774462416645,Other,3.6783518367668506,3452.7709944502703,29.52642761680384,1.0866893560516477,7.605535481479745,6.855018423314146,No,9.94382987100229,5.191758861564658
52.683833047518355,Male,1.067921791205597,2188.7279783798085,34.39012682111749,4.0180400833374925,4.141085093598685,9.012841130630823,No,-0.2352124087790123,6.878182077845999
49.61699872349674,Female,9.693379143445751,1999.5019860364603,32.344693505090795,0.6470122328834045,5.956886539608368,0.8520901341567839,No,3.3798252697912927,3.00844738678625
47.12431503525261,Male,7.937105487425753,2802.087110692907,17.78391083844694,1.8084782762060319,6.7030090819545345,5.964011567379309,Yes,,2.0731251810699747
54.4315895177248,Male,7.509126980077323,3035.4381723768875,33.63366908648139,2.2306901774979266,6.903815844524119,5.8534630407927155,Yes,9.147227610918188,4.66427465113243
40.18435727343814,Female,-0.10989339579303925,2322.3658780736523,31.59090095515657,4.664449195892943,8.661761521011675,6.048307680821369,No,10.067493580517453,4.1494934586412935
24.370612983877823,Female,10.088177532095223,1951.1062348492844,31.286929968749906,2.926043024431918,7.438737960368686,6.029477894628664,Yes,5.238895442417996,4.932789943350682
,Other,2.3766844473994335,2405.1458955686517,25.779843484794593,1.0115376799472793,6.4419740319932135,6.984905530702558,No,5.125444806490134,8.098399096969336
52.779372406479354,Female,3.0043386284451405,2090.059662182734,24.970038825263533,1.725404007320258,8.010634826229664,5.8130431574863595,No,9.853872059431529,3.8597160628280287
51.1897674521492,Male,13.301898868951527,,23.056514713143667,1.2983155838767804,8.820286553376071,0.829303023360874,No,8.17618930120712,8.829102619743914
47.24676824896545,Male,5.846792751602161,3172.9804328715313,18.950103235344468,9.363858072313905,,2.9829786674625516,No,1.1452417415356386,7.039433551143071
28.233084783591803,Female,8.928771290228605,1557.1149190939507,21.601172673167813,7.748880906412281,8.91283781828914,1.8935370109979497,No,3.0141552741302053,6.846201108598474
36.25444306076267,Male,,2124.8377869944484,22.187893127369925,9.33115818371962,4.433763148206257,6.096643829257003,Yes,4.16668877822921,8.063880264472726
48.45804313544576,Male,0.874388634774754,2087.1766058855064,26.646972002864963,4.4190375623505505,8.092810078235258,8.015228424789433,No,-0.0529613410746314,6.072731677591681
17.03855303889289,Male,5.883315120498935,2879.24935804573,30.911803671105083,2.748696770382505,5.308701765600596,3.0834628973098974,Yes,6.737543928326678,7.840427447021088
22.65275621948754,Male,5.453780042716683,1785.4025654658487,25.972587330272148,8.139128914801432,4.8225124755200595,7.903585945091656,Yes,6.9756506091221775,2.8342838066720564
21.179772124161584,Male,1.9883300609264931,2088.934041771714,18.989351092427963,3.47549286608812,6.262764573164878,7.9886726863012765,No,4.977778355907518,1.0712927641154217
,Male,4.499016904072698,3191.641281635279,34.47409775177227,3.019861841670618,7.066644616194316,,No,10.79352476582994,6.189699758822726
40.168985164782946,Male,9.802155328973754,2642.6209954868896,34.03434974381798,2.5656033294662888,5.930712171200305,8.024650393586061,Yes,4.1144651827545475,0.72720625895709
32.649858283848914,Male,13.874299223551056,2129.6205430370505,31.018478671871367,1.284935391245752,4.39641532251008,5.9839767635460746,No,7.107533941566969,8.953212567908473
18.75071866012114,Other,5.370464826615414,2478.8625351694727,35.26121533333271,2.4924400356011636,7.059017133560624,4.887237218266349,No,1.9965370773451714,1.7916500576346395
44.780763874415335,Male,10.7191895206231,2168.634847121261,27.213117364443185,3.5686604823341908,8.512091384640591,9.193140433482254,No,1.9872923297037008,2.0741760474154995
49.853310491562894,Male,4.124213575934077,1849.2359804616558,34.66539252364528,6.736957277059591,5.862054790439793,6.858363932701803,No,0.694901354384321,6.843434733765812
44.93398891612826,Female,2.9244473026570885,2744.2359765991314,18.908468051322565,0.5725319982838634,5.104349413903031,8.03182417747355,Yes,4.170063155593715,2.0736047507435225
37.24251199025736,Male,9.213722506895873,2862.915500788243,24.440270680008773,2.2329918587903546,6.193033769691231,0.7939218249715921,No,2.285178660844717,7.859570650761415
40.96520021537465,Female,10.269361409201641,2159.751222331342,21.470925528015385,7.94121441849456,4.264023026524218,1.993456297748749,Yes,1.9787784482774546,5.965404823527695
28.917958875427505,Female,14.248006067976581,2441.4821147313987,21.349603968685575,1.476058632466938,8.141121434079741,7.890211236458848,No,5.119888482056499,7.037262776426728
52.37084977642245,Male,-0.21545544505373615,2121.0401570968384,20.113207470793654,3.5296624472213356,8.01485495741287,8.870908658790738,Yes,7.223951988506525,6.8368721575988065
49.634150155121965,Male,8.886254334033376,3086.480978813677,28.58529730849914,8.317465486902911,6.831368781670287,4.193944572791963,No,1.0932991355498554,6.0706580462307285
49.13523742617221,Female,4.848442938543019,2880.7806544334458,30.86582575620871,1.674230659531043,5.800384868294348,8.732064232306293,Yes,3.072312401304647,8.949577432265762
120.32643532130103,Female,36.18547580175212,6298.9840382717775,60.36617012147896,24.600789881122225,16.319222475982407,22.32032053176055,No,28.533291938349258,22.84958733589621
30.056721530700965,Male,12.213586196594518,2356.1751788223346,20.591243685994765,4.937964993002654,6.740488248675093,8.95219503369238,Yes,6.027432359073591,6.910239353664883
19.828979296279012,Female,2.0884118500621858,2418.9066177108866,31.855791330924845,2.924298077260652,7.942024164448445,7.157948501647547,Yes,-0.2160123298909143,8.885226139488857
18.277380581430002,Male,12.790599128826896,1981.4297358137874,29.079575729665006,5.8711596834991635,7.185003988708549,2.057742768699523,No,0.02016922339498343,2.902838158779048
50.08935992741468,Other,7.002114141743347,2507.212604865714,24.842712439208462,8.00425729006414,7.934992453495281,8.951423046398894,No,10.769935153803383,3.0950445077097237
56.77129454139878,Male,9.271490890700218,1838.2655784592394,29.369280884593564,1.4104238747446423,7.024096486024037,4.000280560274566,No,9.326397166569569,1.0005461149140789
28.109382597274113,Female,13.44879542798054,1906.0052570276184,22.373484088343655,5.676900982790249,6.053833575026555,8.2322509240444,Yes,5.707547969723278,5.053823200914823
45.70185681366358,Female,12.752759816743332,3227.47792461266,24.134759901724873,5.3531095683449,8.726139265639903,7.091876201295517,No,6.1494166876931855,3.9831775038928856
30.237390388239035,Female,4.3736246724688925,3518.931993609212,33.14950327202373,1.3983859014244249,6.757594554434522,6.8013884206906905,No,0.28407842878844564,2.003961624759025
29.777008753280963,Female,1.898983033130639,1609.1313241458945,22.676862675308193,6.062976737151626,7.012146549971097,8.005939260335937,Yes,0.1419649526021448,9.33513265129209
47.43918610225526,Male,5.961954915161442,2089.451669660506,26.243611160433993,2.4003791918448694,5.0989137419885875,0.9239152690046857,Yes,3.0381920667875764,2.9973284100836377
18.779536959178127,Male,2.751942898819186,2499.8886397256833,33.31990767205533,4.551192459830091,7.176185284868273,4.858636565009512,No,4.272550380484224,8.118122829179855
51.242342176002495,Male,12.598800988488303,1830.1381983170365,29.921167161529585,0.724105124957501,6.958169097614237,2.0019564666174547,No,4.20803199184547,5.845545483909224
40.56644749759551,Male,8.119862804118602,2723.9891746486996,18.826078369067154,4.7235502274203585,4.82991999486488,1.897301252255851,No,2.914385108613318,5.088693319945194
33.969884720930885,Female,14.019467349545156,2647.6290855740936,20.17074132100199,3.1617327961931663,4.301873287479602,0.9946852311895978,No,6.950274423328808,1.071362195711586
42.54611793267644,Male,4.1536903649304655,2645.46610928246,18.302725627883216,8.24073924789759,6.970397490779627,5.2247749786486954,No,5.762954176939134,3.941847942849532
24.90142230410292,Male,2.1572827217608403,3137.427558474264,28.82364104011545,,7.851176542480107,2.089074678942905,Yes,7.726786574348253,3.1610922904994667
45.963003698691296,Other,1.059585367962102,2148.178529053607,25.445573255607005,4.160244027901631,6.512676510017455,4.1606220529020606,No,6.028614751383494,0.9295350793930202
42.52210046923922,Female,10.251758470842743,2489.508687925454,20.365627441325508,4.484394383122758,5.114004806840415,3.0800812506091337,No,9.116765330311614,5.106342200075205
27.707408203740368,Female,1.0351059498300725,2262.465575495581,34.36710226757674,7.3960673847265435,7.3522273318447935,3.2221214465599557,Yes,-0.018303294132627403,6.097417098995134
42.91105038494635,Other,1.8687403550039214,3255.518975604634,27.08174362643558,5.748406313208904,4.432305758063876,2.1401711329917954,No,6.027746048355194,1.940169799460454
51.56295570852417,Male,0.6605856349843315,2203.1597959501782,22.384190259493717,6.841667762447362,6.095040038761894,5.950837461987576,Yes,0.09980443019327624,3.106621080338882
58.580785552225244,Male,13.218232025245435,1843.749572788823,26.611446470395144,7.884881134258101,4.731073729896603,1.9463034962400496,,6.051585206780434,5.990801724749064
24.460770510657248,Female,2.9692340442927714,2613.173074958624,29.75867901818654,8.487677136247724,4.973802196684157,7.728819757760061,No,9.016776858958558,4.067499248139277
21.633773066377053,Female,0.7743899073247577,,19.010833954303223,3.131083184688679,5.15396125007271,8.046899841436487,Yes,6.815832733616633,8.867830923265414
27.578012935235485,Male,8.78516618958692,1921.8517174695585,22.39143786007724,5.437010041406873,5.936683332526969,5.2468161169621075,No,10.318489435665862,5.119644397433322
46.24951072952785,Female,7.843070667014962,3385.006131391292,31.889696241849407,8.473088899511879,4.403936585628241,7.2389634880242255,No,7.811674388955869,4.375609629851413
52.751159196906336,Male,0.7159779973918523,3419.0585116726993,25.611871613820124,9.904229547691228,5.939480767730624,3.887305564987428,Yes,10.928290382554888,2.084861525861039
43.48472360618338,Male,7.772435865485444,2111.333057277937,27.62828839590138,8.823630050436028,6.5935800713772,1.1404602128725998,No,1.9912123636821906,5.818562424747762
38.45439374348496,Female,11.633274455218396,2264.8108978236114,25.430254537558373,3.725136541108158,6.420105762877247,2.06710419587628,,3.267328305883641,1.908246239128417
51.80497503807642,Female,4.915095558905118,3131.528550426435,18.435177477364174,2.0009203367220216,5.943531653914223,3.927993330150318,No,3.2856927851049855,7.200143697953995
27.584497074588338,Female,-0.14375496970667384,2412.2590369879877,20.819439243437436,4.8284407242761995,8.2629729684779,1.0563193422378325,,10.91820662586231,3.155397018171747
53.36011938484647,Male,2.9526494562639414,2632.0140706343464,25.773975560713705,7.43229914552673,4.643978801258498,7.863075204329868,No,7.9673545570945,8.9173944525552
25.1369528060047,Female,14.559030716249854,2715.879252891878,21.559929044373362,4.778599227471976,6.61966835226038,9.063535049838915,Yes,6.102948409519492,4.998469217753043
120.32643532130103,Male,36.18547580175212,6298.9840382717775,60.36617012147896,24.600789881122225,16.319222475982407,22.32032053176055,No,28.533291938349258,22.84958733589621
52.409570885743015,Male,0.08749193928362825,2759.5212588718086,32.144187715466494,8.299016183716834,4.275220106253831,3.108767634441733,Yes,8.73081271808324,5.853098128253023
51.673284398660044,Female,12.713085942431398,2603.3776820712037,34.89683856623511,3.58205616156658,6.993636882689051,1.9799280081005777,,4.119346730237822,7.931642338799875
53.21164263929264,Female,5.137176608154457,3165.094999355084,30.934816480126837,8.44070820759912,6.764522157533258,4.980526887369907,No,5.889460672720346,3.2465604700355626
35.111305551333906,Female,,2301.511048497159,32.67835886920496,4.160580341955863,8.35248930617575,3.188307496043249,No,7.036037446708277,3.0921022754619716
56.297794592962404,Female,12.317449537700863,1868.625433575327,21.870271713322083,3.6802011157673027,6.814530208343889,7.053513748753703,No,-0.06257299778542541,4.9715542813593965
47.92353427899947,Female,2.9704058190802036,2759.114347272772,34.090534953045996,4.328689729616293,8.760426411796436,5.963444437633255,Yes,10.777175535797495,3.0985576242301596
40.75527577794189,Female,1.9368857137461615,2873.338649000612,21.23427571179747,7.440814010977804,4.212571818280914,1.1310837279854957,Yes,,8.189279805025086
40.250760824171564,Male,2.056941123355317,2496.1115530984853,34.2903988314282,1.1206894247797285,4.397671606431115,7.83465499426908,No,5.581835617150178,7.917546727818824
48.57699456690635,Male,8.125163543811354,2724.8779948176984,35.20520881710854,2.269832266475177,4.252112048030642,1.861982372557016,No,,2.1890799379292347
,Male,4.911651021395267,3140.5515025778236,30.469061606340002,9.658179743901972,5.0026028175968715,4.747158754477269,Yes,0.8061493158234333,3.9801081919696353
27.843841751410185,Male,7.993213787348023,3411.244801487866,34.62860716801716,1.7669577563749241,6.6128471598311585,9.117263221465032,No,5.965294785093465,1.1612529581319853
30.855710270398852,Female,11.930980975354872,3171.18217880115,27.77845535461387,5.77048285840905,7.097124861355947,8.093937416443575,No,7.941009705565134,3.8778254906819476
39.64465766102598,Female,4.0681974080597305,1850.5538505615264,22.342311205357774,5.66148607495967,4.291269736265406,2.017785700603501,No,10.03840091012307,4.214495883459036
42.90214290592721,,0.9591408817622213,3257.415125402238,25.566415691902023,5.0514653542609915,8.59296492749035,9.015061540916575,Yes,0.8991109268769506,8.931818963677623
51.732883802891934,Male,7.158238718638367,3431.5531936345383,27.777640859881153,6.249173620156696,8.201413879960322,5.088109038079729,Yes,5.720435508920528,3.001098140016698
58.67194054902768,Female,4.018923066832828,3410.016638261255,18.91532132805186,2.3232645857897327,5.520581956312511,5.867545783525453,Yes,3.029837032169069,2.0128855372819454
47.21212815815466,Male,1.068788263681955,3192.1070996333083,28.3177868212229,5.7503253128509835,4.4688534101580615,2.9827804447681294,No,9.9296019025436,9.073975645218358
34.160370572744355,Female,3.0945807015772813,1696.8579892419768,34.85989371294723,3.8404128128860946,4.705622481242591,3.127775617446809,No,1.127784118089631,9.156442159708215
35.645103042892956,Female,8.031292265425755,1972.297093569792,21.051786382931052,6.67498966651183,4.602556462183548,8.092019335754502,No,6.0626040762975535,1.101879160603265
42.86751578176062,Female,13.95761193688425,1778.444319592312,31.323242843768025,1.343386989225012,4.658678248610698,2.05214605322704,No,3.8646375038661347,5.868858026642929
39.19861041993212,Female,3.199392357411423,3405.0834860626705,33.27991772925114,5.879007834211241,6.791107461816966,2.1058808779850713,No,-0.021886729195097692,7.86919959121501
29.894674881922047,Female,12.159143187289212,2516.0541626310114,33.673447840123885,2.3621490286359745,5.220328801865547,5.0715249182006845,No,3.860939386957137,3.1740762330724253
35.75153234148094,Male,10.921339641807604,3279.927095106181,34.159975878908874,2.883754508345481,5.664524816111004,5.749023550845548,No,,9.031378292901387
52.87307267510792,Female,11.184631081802642,3009.823740241192,26.596984945146666,2.081847348656,8.956133980062482,2.0507822118584462,Yes,10.967133845567744,1.9666683520528299
29.169390136886776,Female,10.996243825258695,2601.3713012171156,34.59611738258225,1.70707028942493,7.349548416369249,5.02413114994527,No,1.9237574685359866,6.116350350882386
57.431300974361555,Male,12.429572914609034,2248.4223228334768,30.92560889321819,8.42798127566207,8.646691245037609,6.915276436190408,No,5.959843721292096,0.8444699698622861
34.92743921651378,Female,13.970835671722513,1831.0502429207772,20.776367339368512,2.7303382206878983,4.696234439505106,8.09995982955737,Yes,5.01612837237071,7.222012500513004
28.243115847957053,Female,13.037367299426231,2298.8530195454337,26.28395108044245,9.42097055952616,,6.964008984744546,Yes,6.935910007687555,3.010911691998193
25.9046070595783,Female,2.7130165054660775,3073.7588857379833,29.940025234972012,9.635024111199028,6.841294547956283,7.912422564579054,Yes,3.9235256712931315,7.2334891460229445
24.53572843752473,Female,0.7968010371101506,3113.6262088225167,21.723630033548197,5.640338005848845,4.480108257940395,9.194131717859088,No,1.025001001227008,3.9183363229651715
45.04119780467521,Female,12.056963368968782,1853.8652941696043,28.688873525824697,1.7453097993668318,4.093765714517476,5.074984420149634,No,8.431634325867797,8.743120324031237
31.059040791508046,Female,10.941552592116027,2957.75356186561,29.48106265358544,,,5.149538955618538,No,,5.086270930604374
47.40044433401566,Female,13.806131826030427,3129.8060541659975,20.461716011700194,,7.095184560920362,3.9115036008837087,,7.426230054145206,3.111006074741216
36.14550043963085,Female,5.090410492393566,3097.7594314017856,27.334433029269857,3.5614279205373642,,9.027878516977223,Yes,5.061166324471199,8.013716788831992
33.28259480207644,Female,11.869947029223667,2299.4012591054875,30.45192854485817,0.5413750893604534,6.38499538356538,4.834764775761879,No,8.978274411907778,6.163561776936861
120.32643532130103,Female,36.18547580175212,6298.9840382717775,60.36617012147896,24.600789881122225,16.319222475982407,22.32032053176055,Yes,28.533291938349258,22.84958733589621
52.8378717602626,Female,12.957498208985143,3169.6793982068602,17.855170302825986,8.396341394041604,4.031492557512507,,No,7.854484452635867,2.9020222117002814
30.14940319339557,Male,,3004.406459828954,17.96563489226661,7.922742880914696,5.577053066820575,7.021128090824342,No,5.864454199312188,7.916032269726718
120.32643532130103,Female,36.18547580175212,6298.9840382717775,60.36617012147896,24.600789881122225,16.319222475982407,22.32032053176055,,28.533291938349258,22.84958733589621
,Female,6.064240950570565,3066.928757408423,33.84119601938314,6.570555972587714,4.474015864141642,2.9907055812900714,No,5.348503270107568,6.10133340285138
52.804760706257404,Male,1.8762240809135564,2584.3855312752676,21.583848713215644,2.238164629550348,8.930819939374876,4.036885551277539,No,10.131234646164238,1.0254548534483403
39.57513720936255,Female,13.89901181721305,2984.0833136282204,28.61658274067239,2.3248284725702906,,5.05301400026521,Yes,10.277856788906325,8.929019942579957
120.32643532130103,Male,36.18547580175212,6298.9840382717775,60.36617012147896,24.600789881122225,16.319222475982407,22.32032053176055,No,28.533291938349258,22.84958733589621
56.733952245561376,Male,3.913966433359086,2036.3405746774345,23.53038199855342,2.3250952826547633,5.721703775097178,0.7313555652196265,No,1.0695765185545796,5.17146446569993
60.11506254314576,Female,1.9246033702697234,2330.3326813085764,32.70923979541366,2.7868814273159264,5.836304634038169,4.041767996277321,Yes,2.0024892020965863,6.854081675440147
56.755927988230795,Male,,3357.141429824093,30.516533581059512,-0.055190709470376895,5.207444628090147,5.119245961558504,,2.9982938325503214,7.052108097772987
30.990741902580957,Female,9.24503745371989,2908.5484117323444,20.145482850853593,8.631325185519044,4.476752505584492,6.958562641017631,No,8.948562157494953,2.61746933575103
48.00679147288918,Female,7.746003917777206,2548.6704416897974,25.549991270781312,7.9064478236642755,4.986980129997559,5.043824571614926,Yes,4.903919356447651,4.117229444714934
22.665724205385548,Female,1.1937210928613426,2736.640427702119,18.654354523861286,6.362957948767047,7.9177952284291955,1.1166663426679948,No,0.07167563498987257,6.860747127467619
52.293576462959294,Male,13.241662825930334,2162.3228503022838,26.5416722233404,7.550821533713087,7.34216357583887,6.966679271768113,Yes,8.017148100085368,8.232749499544319
40.115850053495045,Male,10.293366647647874,2069.5513098749907,29.84964927193092,1.5527748447277976,6.6200905099536955,7.865824753240591,No,3.734905561533325,1.9391692299870498
45.522730871940695,Female,0.5317192936279801,3407.883695551916,20.183567758183095,4.424942262358584,6.397536405137302,6.918978342705511,Yes,10.931641723646749,9.054174826396128
27.484406505685445,Other,11.756368912650803,2611.7493749958453,23.073248013246285,3.4423906563652915,8.640743677034667,3.7062108208626405,No,6.289659772783805,6.9827631240854515
,Female,14.319432956036513,2911.399843430634,24.917812301333147,0.87044028067712,4.3822238974573935,7.970440181755182,Yes,8.07585914624343,8.148797252843515
28.44525881139236,Male,6.846454954872178,1754.2031289533556,33.55153788528889,5.007221885476308,5.365824953960849,5.331399437437285,No,8.01248491234601,5.919950645439518
25.817370057617005,Female,14.200810751972508,3369.1297783015666,35.433719910914775,9.112150641641993,5.683522175652591,8.87071698175665,No,-0.34818567462790695,5.902933129124482
27.827575649865263,Female,8.304297227394377,2862.5779596669477,18.672016944953917,0.2444457865663513,7.946018910506863,4.853580298093609,No,-0.24808649934515126,9.030016957371794
35.15705101150054,Female,6.123993969138968,1740.013672666263,30.435473863336185,2.964029373193692,8.963187984289894,0.9240977045476383,No,2.0597778875088277,4.0744190854951485
54.66814451130569,Male,2.0405917112999505,3050.6892110188646,24.42248292153402,1.7589954050785916,5.178497822648424,9.069587458254567,No,5.061807544673506,4.861691244319674
24.734378924447803,Female,8.014823219836385,2586.9544636705555,24.88689591399108,2.267310827674502,8.343181102585428,4.990511738374861,Yes,1.001837556227915,9.052261492223973
29.576699331221327,Female,1.7835386989580202,3359.9258525218725,30.747294228688954,9.235461743450799,8.267839173950387,5.891972946754247,Yes,9.219572989536,1.080250896118722
57.182268533182054,Other,3.7404280399090313,3288.0731590062373,33.60932868664271,4.397664505590746,5.2203054433591936,3.940097000584592,No,11.089150741925868,3.928857489799135
59.45409269715678,Male,7.880529960565037,2094.6181497843863,34.697841794046184,4.488923435136827,6.051061298096614,6.23429608072379,No,10.036736114312179,7.0062553083401395
25.124404428995845,Female,11.010155144697343,1642.034948142536,27.44989118467645,7.673330020553556,5.9571637724359565,7.9849087411983595,Yes,-0.18478486888582918,8.853550589124032
44.472976802580455,Female,12.714783072308885,1936.7883098041273,24.471409636073293,1.4572199367415182,8.9303772961319,3.073583470520756,No,0.31574061439650974,5.7968107546794885
19.54032685861277,Male,12.910768023959905,2567.8194792556515,31.479495448886375,4.9776339411604935,4.920234052503453,5.036449859113907,Yes,4.243611456757939,8.05769013123924
21.44345283955981,Female,1.9655645349470023,1888.3696117541008,22.52075186646437,4.420380271428396,8.021753474516188,2.097120619658407,Yes,3.1263090571159404,8.819288538269127
45.716123321624345,Female,6.441470186853294,2967.373725162299,27.575357545222108,6.1088009720689875,5.601789721967111,1.9475408181261065,No,0.2862840535227838,4.057626295419451
53.53123024436823,Male,10.706987697761866,2654.719679740652,24.15915173897476,9.824608847291138,7.64277577147584,6.945312893790085,No,2.643104650973556,1.2234562326030891
54.09231807299315,Male,0.2906159424080627,2552.836691802204,29.189221823883358,7.438264498954353,6.130986306928704,5.810288094928404,No,1.853216843654046,7.9960544770972595
36.35893089570881,Female,2.692393883052758,1927.829152886754,21.74929783954653,3.9596643336335053,6.895966489446963,3.9314517525350428,No,,1.8912379820100582
26.14796647157026,Male,3.248113352923688,2760.720630679676,21.071405635164655,8.312177371150646,8.193248678427127,5.15032399967044,No,7.94772898685542,1.1204894519667763
16.999680961053787,Female,5.943042782895074,2516.0692149371594,33.782500944497144,1.779660331333636,7.992321813240873,1.1494988501806638,No,10.045368082504577,7.003724544807901
40.0993910370723,Male,6.47536028878707,3289.5987531633646,20.023908819752066,0.2721856055602059,8.376540963385048,6.932593915358445,Yes,-0.08789119641578845,8.863642559053392
34.48098814984827,Female,,1912.1043073807082,26.887271593893065,2.0976422762221256,4.16969175593541,7.930609382285374,Yes,5.8417669972844335,8.900565578936108
24.535128976328377,Male,3.990125286678556,2434.61452271611,21.759714159311127,3.5782030237600675,7.51848777093629,9.168869966350707,No,2.848434360613517,2.982925505267458
41.815491571188794,Female,5.9827403778611,2192.259248647939,18.557196111486462,,4.779943084769562,7.983885585918346,No,3.5948621014026867,5.901744903678574
20.59443380021915,Other,10.911433227724133,3275.0777624467287,18.226300553644027,6.189132523813857,5.953679347949501,4.991225762904554,No,9.294921084238087,7.004746353692812
53.321006493469504,Other,2.5232972893948333,2480.5128985564,20.900818265792694,9.290332994825713,6.694742218704842,3.10594867956245,Yes,4.081052119062014,8.991308624666104
120.32643532130103,Female,36.18547580175212,6298.9840382717775,60.36617012147896,24.600789881122225,16.319222475982407,22.32032053176055,Yes,28.533291938349258,22.84958733589621
47.442648356608615,Male,2.627847447997426,3489.904094126668,22.777488543669282,4.965963099766372,6.6317560923089065,6.050856946086896,No,4.948009158436674,7.918586850773377
35.03436090295546,Female,2.9667838640056057,2502.189453754895,34.15380343261282,0.45057175819892087,9.150142595119215,5.177069875254699,Yes,7.826031314556444,6.9591967889693676
56.115098770807826,Male,11.104172745071768,1933.349590782585,28.190486076883893,0.36201842360886105,4.86652147185648,,No,1.0209926974671921,3.8904457976435505
43.83370900344537,Male,5.127622555494502,2278.0850486300496,25.66427818236064,5.638392003955386,7.362808016150136,5.908195449294436,Yes,5.9979228931466935,1.9221491367606105
27.38249194621869,Male,6.390553951967399,2550.7877828741825,27.839335937544107,4.6755764142928005,5.969940973648408,3.06385914761695,Yes,4.764943035746347,8.09808858589884
43.89399730118276,Female,0.7600187109509272,1885.1035433388113,26.797885962859468,8.329470590248055,4.717634229527151,6.075540040904934,No,3.9684067659261104,4.917553895123751
36.911878089636254,Female,14.59991228243266,2742.337169053297,30.582844322075296,1.6276896755916523,4.760749065355439,4.098122942339731,No,2.8982354334482743,6.134862209795161
55.84198995106983,Female,3.941699621391982,2110.7487094224166,22.556030688385967,0.409556891832657,8.776781738724416,2.0460667587157806,Yes,3.2354259955795612,7.089662444002026
20.764217154390952,Male,3.0241102010796452,,23.85677379843789,,8.374580708114689,8.200075110603953,Yes,4.867554386299318,1.0977557235594313
29.84335253511794,Male,13.953903638233834,1813.4924023426713,33.438639553624725,2.4975051214833406,8.361315877349352,4.148689976204903,No,2.860393543470074,7.88394655189573
44.87253462073127,Other,13.262797894388651,1752.1207921280793,33.922374064458054,0.4688092195925885,9.034428703222197,8.891262590520475,Yes,4.174324130098,3.8626289937925917
36.00667429900679,Male,11.746434965929595,2659.4419026094233,33.148871998485966,7.220888480139868,4.935740688143612,7.0662549932239305,No,4.809329962552531,8.950303604767708
45.36856071868649,Male,2.4294026393331727,2122.3656653265875,25.128062539117447,1.1077904255130202,5.80492932745385,2.083817762705544,No,4.096049577852758,0.9630078162119917
24.68569358123528,Male,5.524204747030039,1773.8034275029981,31.22218591645416,6.096890832402734,7.236257938958131,4.049483702042195,Yes,5.843932385545544,2.084342616823091
57.99923473597492,Female,9.992853729322547,3271.8115881992917,26.041922531394906,2.8429515386003206,6.391070559249917,4.974224011060576,No,7.903500042517255,5.857582855076535
55.645247416852925,Female,10.851270529578642,1751.9295990318751,26.34963743830603,1.6549368492992016,6.108567787400249,2.9733928296071004,Yes,9.058717169618857,0.9339134330195774
,Male,4.930584811913233,1557.8618418834833,21.207068714776646,3.736595224489739,5.765139099074706,9.043155185679996,No,5.9143946224273485,3.843218290859634
19.368156229055195,Male,12.91725445651351,2548.774135661506,28.19981004727791,8.171756345541617,7.012396871308312,4.883056364359889,No,5.816139000144898,8.189287238199197
30.67862454293704,Female,6.021719454428446,3439.7544985760765,21.42238333658309,3.8173231056133425,6.858671474324545,2.0109828895311703,No,3.3353622152684475,4.829539924257912
45.033188507303684,Female,3.9777861317668695,2493.4009890144575,23.760808165119577,7.497975799115254,4.8088141534995685,3.0122014637603742,Yes,0.1106725529402743,9.054649486918718
40.618203853091714,Male,11.890548425895922,2286.165762186347,32.569802415845665,1.1837906950791826,6.454491761443643,9.018702473398333,No,6.993717631902421,6.049958515045642
51.573951614473096,Female,4.787215659381041,1791.605106037095,21.79468003350148,7.733917766428009,6.902250971695477,6.951071740648911,No,2.911732409034899,0.8653917554924355
54.22170422811869,Male,4.124992310435276,3214.61250598858,18.957651666873385,2.474269710203245,6.885880063549522,2.2170296056623857,No,0.02538246190540572,5.925690000080826
23.164086471715404,Male,13.050646059552474,2133.737774609386,19.214018448257622,7.099131940022338,5.002977814222031,9.035181724044696,No,4.060159749323299,5.972989667828619
49.47226883889086,Female,5.706032986850946,1982.5742483354143,34.332882878713,5.584879326720363,7.678824696645014,4.006319124321915,Yes,7.071575036199388,6.105902164789426
37.5660355488336,Male,1.2297755765636484,3431.2121614694724,26.65772258285319,9.188109314758018,4.004477289870295,8.925024672814038,No,3.0662769159533934,7.801871105689153
33.62815126854921,Female,13.084627788360267,3379.5890431055764,24.798589731650562,3.818373541106881,5.840783068560838,2.094966995474466,Yes,11.212963242210469,6.029193092453357
37.753947304507946,Male,10.28569453562896,1756.6832794149377,31.785069906739867,0.6816439712061694,7.990391822202675,4.0229940923183305,Yes,7.362375465942993,5.233810902913486
27.21610654503193,Male,3.6109963856056955,2848.6728176264455,32.368288785902664,0.16789484236379482,6.968820659336429,4.9828201818786795,No,6.943972608575083,1.9079117344614747
55.02960108527311,Other,5.091230096885459,2203.6821995957957,23.62334282848955,8.204020903463581,5.390339777401782,2.1048335865200114,Yes,1.953942031935797,4.17170004885656
54.099892647187225,Male,5.061569233280407,1864.245422036568,29.544765190546116,5.047545565887091,7.612985053116664,1.118179213300329,No,8.207384911661608,4.895571276905376
51.876941621289,Female,13.848930257940674,2921.2139504677893,30.84059259848416,7.84361210427812,6.971212736232912,6.853871219493325,No,2.0813529222934006,4.17178037856617
36.68165159366475,Male,3.9962689193643994,3222.198995305816,29.28751293890252,2.1549882648819176,,1.0966271162906378,No,0.20554889798841794,2.1120201272866805
37.585487561381655,Male,9.336029777173538,2558.751889771008,20.375488128238562,3.7686476920523093,7.687100231664757,8.215384518170278,No,1.0783939045180033,7.170987430546233
34.71546793380037,Male,5.867238186010461,2927.0908838548103,33.13019846249257,0.33224196944375983,7.121034037411253,2.9707711035233872,No,4.821938050771638,2.0280752642766244
57.74376628171231,Female,9.018620520720065,3324.558373317375,26.89722921602393,9.705018257221335,6.362832867649692,6.134936607646077,Yes,10.898704159229593,1.1931469705016569
30.813910261506653,Male,7.365236980801229,2073.1502144083743,22.58387531013475,6.912336685875831,4.705351481689335,7.146469155414776,No,8.879652973176217,5.279813014934208
32.087729103879866,Female,5.928965144568143,3045.576567128527,25.290140347204137,9.276911323584374,5.197854159378945,0.9833139411068865,Yes,0.9230881480294927,0.9097991956046365
48.082611328422864,Male,3.7347672944407435,2144.507353425768,18.51365013662929,2.6492614953764537,6.224270187320984,6.274960139510963,Yes,4.804245863270353,0.9750907933277352
120.32643532130103,Other,36.18547580175212,6298.9840382717775,60.36617012147896,24.600789881122225,16.319222475982407,22.32032053176055,No,28.533291938349258,22.84958733589621
19.597518105725268,Male,11.74817667766924,3485.766398157475,31.242058417707405,7.1677013643797185,6.538170314048005,6.141376365020791,No,9.738642575573317,5.882293030893871
31.368062527409144,Female,3.883589864175236,3379.0325618212373,18.020981324131515,3.187760056352817,5.2691938623642205,3.917982894928994,No,-0.35584707321614567,8.934836779309368
40.21544787132279,Female,9.176455655387638,2446.0644301599004,25.318319523958667,8.477446433845815,4.004624629328171,0.8939585484229505,Yes,3.8817264009551367,0.9393627847482566
28.017841813868692,Female,0.9320003580301063,2827.456992677984,27.185959485858184,9.228665398317414,6.481303207348876,8.866470088613484,No,8.662434561857328,5.106384720277927
28.681245122937163,Female,12.17030812993944,1805.019052978279,18.776505536430097,8.529351487003735,5.420725057591862,3.927684061956749,Yes,10.081759130725214,9.059457239977805
28.11824296710651,Female,3.8706276843026703,2734.5229441107035,34.485985742562775,7.272067009231211,7.629029253683586,7.029821917215845,No,7.760573591636889,8.786731297007208
49.84650106257706,Female,4.09969322417164,3385.03548562219,21.60185356327023,2.8935078736682702,4.054624369184331,7.076073970252655,No,6.896296461996037,0.8345357043325783
33.10808410522129,Male,1.1144409471523848,2234.668222665721,22.892576272219802,2.9706496275905496,6.925986630416113,1.9943777130862725,No,2.260767549706753,7.862285495275334
25.538785005346025,Male,3.887806861463187,2849.6649505421683,23.378318522150067,9.670666616689143,8.686478306335175,1.008513519541962,Yes,2.0960660242305544,1.1476813295805603
54.90009392881335,Female,11.939106236667683,1844.9601910769184,22.250107624574085,0.006997319687287465,4.944334305318457,7.9998709769600636,Yes,0.11740330377275851,7.907132290184744
120.32643532130103,Female,36.18547580175212,6298.9840382717775,60.36617012147896,24.600789881122225,16.319222475982407,22.32032053176055,Yes,28.533291938349258,22.84958733589621
120.32643532130103,Female,36.18547580175212,6298.9840382717775,60.36617012147896,24.600789881122225,16.319222475982407,22.32032053176055,No,28.533291938349258,22.84958733589621
44.97066863447165,Female,1.9006912310845552,3220.130155575089,34.21666498628855,6.002080697182912,7.130568605424078,7.9962279209717355,No,11.107845498005847,7.872161499598949
25.045967278819983,Male,0.07090679296543112,2942.589638033536,21.687042558296124,9.962718562435198,6.706818295449089,3.2225700865749047,Yes,10.804432757765289,6.180957243433994
44.75064581166736,Male,11.114826537959813,2467.331756129423,29.2919248664467,3.1605237288508734,5.922005376279589,2.047021950263277,No,9.997925622690726,9.138688279772932
52.74874828946322,Female,9.843941785383194,2205.738119796538,30.59668864188249,3.5696587218893385,6.738230976305266,7.048027155577901,No,-0.40045405871555534,1.0857871596295312
42.87951947840117,Male,13.716641625256,2155.1639048454613,32.187455095827325,0.8407526910711517,8.556636589497494,8.142277375261134,No,6.925031949264978,9.029875639531108
25.455433909716106,Male,4.284883299205084,1736.5575572303094,24.934971172342838,4.192355824923979,5.030333065469751,1.340124572993076,,-0.022537334919234257,0.9031326365760203
44.41120744316628,Female,2.8918391584565613,2231.8734428201738,23.37570739020256,2.557593284157358,4.05862437902375,9.11635238878158,No,3.981632189112789,3.1456698066820485
44.6266335033352,Male,5.980294472686849,2136.7501438469612,23.74576246157244,3.1854268333692226,8.270298176462324,4.005903380735893,Yes,7.797121043342449,0.8574417699564625
52.51726971452014,Female,4.172902415567359,2429.1345492508635,29.96019633096712,8.196655742242422,6.7698590381074535,4.050089888627895,Yes,5.980172038497637,2.9516755264107197
57.98593706255437,Male,8.969047242594224,2298.5653634912887,31.920002961182135,9.277166943055027,8.448545815566598,3.201011083087346,Yes,3.2348452203323217,2.175919069852586
52.229513810935494,Female,12.452513390496486,3172.70777275415,21.08752940197469,2.056149242243542,6.9914670102518555,5.942491424782818,No,10.079319714936172,1.863379263769383
44.43204940847687,Male,3.231199888376042,3271.4276139593944,24.647779598370814,3.8306938488307836,8.299479121098212,1.050389041420492,No,7.804224916966695,8.79650067419856
120.32643532130103,Male,36.18547580175212,6298.9840382717775,60.36617012147896,24.600789881122225,16.319222475982407,22.32032053176055,No,28.533291938349258,22.84958733589621
26.394127485522915,Male,3.0191606868636827,3466.934196261884,31.880054742978885,0.59649598498773,7.676812005852689,2.4186533848765546,Yes,0.8431195168197065,1.1653772777456943
120.32643532130103,Male,36.18547580175212,6298.9840382717775,60.36617012147896,24.600789881122225,16.319222475982407,22.32032053176055,No,28.533291938349258,22.84958733589621
37.42783470429455,Male,1.1400560292789381,2195.2588665136536,30.921692586115068,1.7038248209438007,6.848640431225707,1.9671696915663868,Yes,8.87158153033627,0.9682317627103555
28.921419428232277,Male,6.6445459807660265,1887.9573639770972,25.168147900588057,6.145192467881173,4.86085293398365,7.006829838622499,Yes,10.108623508052522,0.8747904924369068
44.907115089025446,Female,2.048434578509749,1991.0998471069752,27.902220172347363,1.5365868580043165,5.301329232865455,1.0586784338168402,No,,4.057174259247036
45.81744701046854,Male,8.059583029373208,2520.4917302149333,29.32519383247495,9.707877089637046,4.954574971492017,7.002771576132409,No,5.063561640114,1.9873525114446022
30.239524234761166,Female,12.113445640167793,1871.7103214581703,19.72563522441393,4.708726294092708,5.189273845036131,4.959751613186565,No,2.893228107735658,2.94664165506816
52.06359113211554,Female,2.9227709018455172,1750.615115132705,27.480403034316797,4.7667991791604365,5.4173527695666355,8.31684432042622,No,6.8424635883581715,9.35577045518024
23.579367189805268,Female,11.98927520488002,2197.5523464168145,29.793995204938486,2.4967029645723073,6.878560615936107,3.8617291185927454,Yes,10.846149177951524,1.9369174486559455
34.8711242156807,Male,4.653509327178141,3415.2190590483037,20.891049156788668,4.490286747435094,6.880597303047072,7.108729106958146,Yes,9.931923451816274,3.920233477706854
22.732827976729034,Female,8.83111900475451,2234.9804359540503,31.34078504959841,6.435856280090378,6.253994931579122,5.931764763377566,Yes,6.107937769208017,0.9905242438652496
42.26279346376918,Male,3.9930267926682714,1685.1589975275149,28.1933685383955,7.551296540139605,7.073349675771529,4.967051718567246,No,6.026431099771813,1.9197272789990198
18.65767321373397,Male,8.987410231780943,3212.8674737169154,34.069378621048344,7.502958766473784,4.412876808335169,4.015916834631011,No,10.32908648235895,4.864032282439057
27.36184458452109,Other,12.02366721408418,2544.8591452655146,18.527065208852314,5.863292589359429,4.519572038134471,6.865878833204478,No,9.15110906685147,1.1768068601508976
47.04798639735238,Male,-0.012025672073308777,2494.2630963305896,22.52969064607475,9.074557433235656,5.032747005142796,4.970445807096044,No,7.741849174901329,6.9869037456120635
21.61935446275216,Female,7.953123797265112,3058.0988892945375,27.967643996299127,8.090141333852943,6.68980546011002,5.250596703061952,Yes,4.138757104225738,4.047790080665475
50.27961968720436,Female,-0.13477567615746622,2877.4914344892018,22.98507704668245,7.684100682231153,,1.079652560855794,Yes,4.756836921200818,6.1101040800945405
18.26251966998278,Female,6.871432848284765,3337.899306528757,29.89890725934355,0.688716117605815,5.384289895854309,2.1860373840589786,No,0.027712150549397675,8.040821487120159
33.91480197679937,Female,7.812604038813926,1947.7430339329778,30.600500205632706,0.34079106633353196,5.916186322634878,4.897524935946113,Yes,4.850833080902665,6.011550462677978
49.12430929225793,Male,7.681700659403354,2604.6684533894827,19.598091230716634,2.2619878218864953,8.128982541333297,3.027626934959263,No,0.912577566342627,1.9222926806544944
27.323773061099967,Male,-0.01627982935529729,1843.136141713724,27.19134046158905,6.490656756106374,4.06866762559349,2.3041798622207805,No,5.181111372089049,1.0387475678158147
37.782467078910685,Female,0.9582627579685611,2930.6554782825447,26.866394323699918,4.250418454780264,7.162438889454991,4.116499187470395,No,8.130015606074137,7.675675862875654
120.32643532130103,Male,36.18547580175212,6298.9840382717775,60.36617012147896,24.600789881122225,16.319222475982407,22.32032053176055,Yes,28.533291938349258,22.84958733589621
42.000330626296694,Male,11.581083292833712,2737.197679973404,34.041416557799494,8.635460482885966,7.972837244671036,4.064792815544839,Yes,8.259781019277359,8.982484388454552
40.12287010894227,Male,0.06483730306922048,2655.4819769374317,32.3338309065692,8.978572028032842,8.757456886937193,4.338703573948208,No,9.054042965775977,5.635356369328969
44.04793703764754,Male,8.817619743464734,2398.351927048418,29.82677825602606,8.944055715400808,3.9961859767948424,3.0973741376256148,No,6.721833585451879,0.8858618752899805
29.817253165747182,Male,0.8032469994986569,3270.1307859305857,30.59598881975945,3.1874740854656705,4.871761577537836,7.132762237973601,No,1.8856268364519162,8.947644188472637
50.8003927321493,Male,8.860244479480345,2960.7325438442153,25.825271794320006,7.2070967290862065,8.39136710582665,8.929114037502087,No,6.853339427466325,2.819657515057816
51.11485716071111,Female,11.319417507674068,2152.434584034142,33.57460750142578,2.510548834411161,6.255710072656289,4.824616788978173,No,5.041176751243509,5.954517556149682
57.55054153951389,Female,7.188546620723713,3093.3866142178003,29.80769734847936,1.802137791914537,6.68315787438115,4.13732514589966,No,5.077239564357816,9.031151467102077
51.99203440055953,Female,4.1814089255317946,2390.5050544344026,30.8123226441321,1.6774305996715053,7.33222138012147,,Yes,5.009603937887183,2.946383650733244
120.32643532130103,Male,36.18547580175212,6298.9840382717775,60.36617012147896,24.600789881122225,16.319222475982407,22.32032053176055,No,28.533291938349258,22.84958733589621
37.20872062474946,Male,10.163306843641058,2581.1871400742666,22.535030985114474,4.3635654103757995,8.819277159208443,5.176999865834391,Yes,8.981351741986257,5.163032729942601
23.272119774538787,Male,5.821082500786349,2018.1243629405503,31.70542234159472,8.411839133590417,9.017850871155364,6.99723165544679,Yes,-0.02252376462941434,6.9973729946898535
45.189168291822426,Female,1.0610864239093705,2766.322733845846,20.6800932879871,1.3107937228269606,7.649151282993164,9.070490044193741,No,10.856436433212748,4.1867751987257344
32.743903199921824,Female,7.103860545155133,2544.6703966176806,,7.081181222944905,5.518579716948222,7.019358857572407,No,3.286468673440931,3.973450728973007
23.055510415914394,Male,9.990145281914552,,23.824217220214503,5.410117829797039,8.448115766825255,4.933238836485444,No,9.126712831981962,6.83649067413709
47.907137943424296,Female,5.487947577966797,,34.65178594434841,2.8815102017192786,4.209198749396102,5.884228431407099,No,11.116654325663893,9.03043074727462
21.971193911871737,Male,6.899019918675005,2301.98195234292,32.54778561941291,4.854425373514241,5.056890776394691,2.9665738481895354,No,4.677185528162429,4.1322035217251365
55.72701410715814,Female,0.14272296011826163,2536.2307629666116,30.10366234912337,3.1121234731464456,8.612283428977511,4.971561079719653,No,10.022573949713832,3.956086555759746
19.802933116948758,Female,13.899586912574703,2063.043666163242,30.342777257903062,5.789838873640846,5.236910520946602,8.027121848896362,No,10.71076756796712,6.173258111571294
39.994265709489554,Female,-0.08339137978573583,1895.7961875187352,,4.655952349964233,5.205595452343732,0.8726635428976661,No,8.87524219466312,6.059701615671472
53.37400551542762,Female,10.972160201220762,1845.8900027952025,34.18319543146519,1.6384581765528277,4.706262652340583,1.13010864682591,No,1.4620928970776434,6.926866963748705
52.957657471712494,Female,5.98071381936674,1941.7585989386969,26.386110028678864,1.4062858547362915,8.223262423943634,7.026142556780566,No,5.990424225588725,1.3514862055959544
26.85019687479205,Male,6.752598257742406,2259.3848631465044,24.746885865219188,5.331724974345087,6.5634513220007955,5.027172050259085,No,5.740154664053854,2.8129625011010178
26.648049120441364,Female,12.281591617352348,3011.172255309127,20.64279203018896,9.206458403737372,7.421586263590739,4.9433566537011195,Yes,,8.96671154881323
35.73612018267193,Male,,2427.936803877574,31.801937289306544,3.667127422656322,5.093709075804583,0.8787672791866885,No,3.0759304494207202,5.726377020259568
34.33373338248337,Female,3.711402053634052,1668.0530097609899,30.681650678047234,7.420197220518467,7.739569183072766,9.03257219610172,Yes,2.9185548779694512,5.94570106695433
37.78779696655998,Female,11.11205267174958,3254.8658364936323,24.49391603378315,6.5071110118444215,7.712787954247948,0.9132039740131634,No,0.05450554116762312,4.832391240074977
32.03589485643135,Female,0.28087611555124753,2889.179145449873,,9.147475961674399,5.701763714561565,4.922725509967553,Yes,1.2375070309662362,3.1850235245020078
25.917957997571513,Male,6.2717955220575385,2411.9921677662105,32.522549517368084,8.305364939563109,6.22766715284353,9.087196755733881,No,8.29606698610515,5.046852966281654
18.2091569447582,Female,4.009217316269529,3339.702686935259,18.153999936069305,5.588062989297106,5.027881148121351,,No,9.238973889797357,0.8564503963368485
30.75053430170546,Female,7.187131607343724,2596.495132549708,30.054044214393972,6.39747031041079,8.895257253633297,8.032002889412396,Yes,6.594166786376638,3.178475002800104
,Female,12.099961370368993,1944.8013587946846,34.38493717021532,9.067352476100627,7.202435606562521,5.953151092575542,,6.932269489420639,4.21582490756845
17.624193512145318,Male,7.361219622078854,1839.6280644588487,25.7343050250316,4.108448639582033,8.732522554434654,2.8686221254062647,Yes,7.610068551580981,5.206974891810795
57.41784023979224,Male,7.865377193800487,1676.5883464537917,21.519846411461195,3.5723044215061,5.459940403685035,3.9901643154131796,No,6.024926455448812,8.947698020883216
48.24982289461894,Male,6.1727303899760555,3335.9169447582426,29.961992601138018,0.18318642628464718,7.838377036671559,2.027629475785885,Yes,7.897936295469646,
50.794366940385174,Male,9.713623387489228,1692.8906759479476,32.00582862476572,8.304560130929412,7.920532406107049,1.0090809037111754,Yes,8.927422745864078,3.024960207758608
44.071495229060794,Female,-0.011395111542511379,2563.322941321857,27.338914992903828,8.05674112261137,7.464242752938764,8.048404581815577,Yes,11.273454884746473,0.9406916194547623
46.914110309656515,Male,11.924527284637616,3417.770163072039,34.77833715564825,1.0120240548736763,8.752545927853706,1.20937309770842,No,1.0167486073606282,5.971948873007115
120.32643532130103,Other,36.18547580175212,6298.9840382717775,60.36617012147896,24.600789881122225,16.319222475982407,22.32032053176055,Yes,28.533291938349258,22.84958733589621
55.7414987464067,Male,7.072439411829644,3487.4400297103557,26.79178348692458,4.458685540781092,4.71546823399275,4.012001591614896,No,1.8158409829704683,7.959150697297403
43.58507990768365,Male,1.5135074000843791,3275.8992042992318,30.69837954744062,1.1777874697029675,7.3284127031973,6.117987938520458,Yes,9.959495814740878,1.213217921448435
50.698603097385806,Female,7.08609771477478,3301.4095679456836,32.63441987725834,9.638265332879108,7.5594582069026295,9.180592014744105,No,4.928058890096499,3.954334677647451
19.28097398925219,Female,0.22238737211081533,,20.4702985999544,1.8380003554082662,6.824973982712483,0.9473910688542456,Yes,2.0321534937945156,5.106574181134293
29.388036192132184,Female,4.111432873016145,3321.3195243675905,31.45081287399405,0.8998450140724776,5.0794568413465315,7.304570153329757,No,7.000414287103451,1.6556879108075826
17.306908825831243,Female,3.0087641251932236,2727.7095818424355,26.964023596931106,6.002438389375836,6.411545879556143,4.78273677366251,Yes,9.850469228761186,1.0814326738702789
21.781169911925065,Female,4.0382728722455745,2846.9003553001994,25.063632047537066,7.509692559264649,5.543701025174857,8.083145420516686,No,2.6447514598791937,8.091510783030003
47.14942059300479,Male,7.032123178853909,2299.794950421292,20.306033955159066,0.12910042634904342,6.1138402087794175,7.036876840111262,No,11.248507577623686,5.908367169552878
46.3983065735367,Other,8.801125971518914,2579.797768201425,32.62673322864964,6.536204413763873,7.182500495671853,3.7350174882491967,No,8.938734512092816,5.279181904188861
33.78613051670542,Other,13.984498908938912,2119.3869628196276,20.791511857074102,5.468977838899447,7.784484130621879,4.0270277498919995,No,4.689919852298194,8.879016254964906
39.772253067414695,Female,12.916607200614683,2657.1867695534697,23.493014846826203,1.1235514245844032,5.205917011287937,,No,8.0395152885541,2.0470077430340208
32.382602054387995,Male,3.03788152047469,2492.4854818894673,22.665881930804847,1.6934080717227515,6.087569121174485,6.097041611683459,No,0.9656876173376738,8.08807269181957
53.424109301687004,Female,10.173427289920626,2070.3534519533805,32.70755047584983,5.821253825727614,5.237501366075611,8.986138128895277,No,1.1585042534021623,8.967650002655345
37.588691082693366,Male,2.8112433591061134,3283.3403338883118,28.94589175970114,3.048965171211188,4.93038916593375,5.042018182645403,Yes,6.093949367021017,1.0104429628697782
31.06440380104516,Male,14.143806957678096,1838.273772250743,31.882619929076323,9.456786616107392,7.872199748611638,7.988890102264206,No,0.5837295184917288,7.172186908716608
19.063392227546874,Male,1.7401279059114827,2640.289494961925,21.934859474743348,8.074320286692204,8.462108906984144,5.109795001498586,No,1.0460403011888997,8.382125280460082
27.74687021742687,Male,6.312057633231624,2396.504271842087,28.490808241258456,9.878972719740247,5.948551680348949,2.0286684124012138,Yes,2.9799597037149606,3.0212603350684306
56.045846312772056,Female,1.7943159069363115,3190.5765227562865,27.997487122615187,2.535826811399367,7.811217851828999,6.076375952906413,Yes,7.930723819837152,4.069576822437663
54.45957550049022,Female,10.935402371534463,2102.366417718751,32.43447743760812,9.74938472681486,8.507962455883025,8.884115535630524,Yes,6.88970649893287,2.812177490035459
50.906345832855465,Female,1.9058258458478305,3217.807128188602,33.252876273084574,4.1250492629514195,8.200993292844077,3.0109100002086335,No,1.2583026786301394,7.076580976384082
55.19448547718384,Male,10.058948962650652,3086.811411813165,18.010366315779347,3.596263738200739,4.928479144537599,0.7511081685028731,Yes,7.130414196902212,
50.5350932916809,Male,8.968865288876792,3390.520666610527,29.744129254090158,0.6984036109390518,8.767737149304189,0.9563812332730665,Yes,3.1639186802046773,
34.819103280064766,Male,3.795032451664238,2324.212154076024,18.223059046901064,0.5896398537326073,5.890097742216589,3.050740292237537,Yes,0.8327359465228367,
46.60629622706738,Other,3.77481207502913,,27.534661985861554,7.143243972058765,5.718443289689466,4.913233874138257,No,10.275448104856821,7.917829095996598
120.32643532130103,Male,36.18547580175212,6298.9840382717775,60.36617012147896,24.600789881122225,16.319222475982407,22.32032053176055,No,28.533291938349258,22.84958733589621
44.19467143046785,Female,5.055657189425559,2890.387713135659,23.318920710140894,2.111931174247432,6.351268327147128,9.034447093209105,Yes,5.9857022281624825,1.8286767487936157
51.22187907510708,Female,6.9863224906309185,3515.029674042136,23.93981982757219,,4.597414857647625,7.7531433961391345,Yes,5.017878726212914,6.740239373830972
55.43898147893097,Male,8.917604738948034,3302.7399101805167,28.765476427487034,2.582195335201721,5.066391300230723,3.124486830079048,Yes,8.989953678912562,1.9233088433537342
49.179875916103896,Female,4.877776722467493,2657.720230502576,24.045232547918275,5.749942909716406,5.656166058630257,9.051478742456508,No,4.19657388814921,2.0632786647580703
40.80650189022256,Female,13.9424766411145,2793.335044138053,30.41730721718351,3.7178572270101413,8.056923406255095,5.983328052078757,No,10.05522890193656,1.9375774924988716
32.42528060882682,Female,11.184708786794364,3039.5900551718864,25.505622756121507,,8.37295372090102,6.815598945386852,No,-0.020099154236778414,0.8636377140129415
46.07041846344456,,-0.6549667926888921,2936.8215941100552,18.87708709675799,8.135666008760325,5.576183593799652,4.022348269691052,Yes,0.8231477822319399,0.979818652333408
57.109812562793245,Male,13.97536987065684,2616.5961355506,31.173207633062304,4.97345176508947,8.15428247309409,4.081710488911248,No,6.991356934943456,7.084381002612489
34.136446383222996,Male,7.041403023370601,2585.0860160048637,22.393865748764636,3.426526224140011,8.276211710857318,1.7646380665143266,No,0.013991085636058826,4.976422916239717
21.80456277691499,Female,7.074025457825643,2118.1234216457133,24.9311039253922,3.657226408256555,7.784299862371707,5.160803655303729,Yes,2.3097153263918164,2.946371741807198
45.7509921971338,Female,8.304817236153275,2304.7649881286343,29.520639179763062,8.236970376564857,4.655703574577159,8.132409170695704,Yes,0.7599750910476643,0.9859425919324618
20.804149781994482,Male,7.676330492179559,2091.2898207798353,23.883622093945295,3.214569015511444,7.5760449255775955,7.003401022075154,No,4.115368097642806,6.093763057757662
27.10708943538463,Female,1.1290100422261329,2734.393518459328,18.96054699977688,2.076143860485425,8.71873876532301,7.024478972668042,,2.983451828954314,0.7867334714982945
33.915860215638894,Female,14.078530399815902,2581.287262203202,24.194464872224206,0.8490259525664844,7.392015197263626,6.12386351687772,No,6.103239515397166,9.08941219980217
27.414405143149953,Female,0.6235825540143835,2930.324027551613,33.88896256005735,4.674058987803488,5.670615366658566,3.0776916475313296,No,3.795606478124511,1.9818696088919845
32.79711633328703,Male,1.8362171540239831,1978.2570157818316,28.457291644867947,4.622688292676615,6.487584250103868,4.866235049039991,No,6.999680112050886,0.8398219183321917
37.59465744159367,Female,-0.016152870501776877,3084.354930596096,29.61292292096056,8.21293871170028,7.255545689215739,0.9532030870641807,Yes,3.1548719749624374,6.973638156879676
41.49133348467218,Female,2.9368203989139827,3051.239383096244,28.65623296718413,2.17805324635082,6.566004754692801,6.849160223287632,No,11.0018222603058,5.9984647821200285
21.778182126283784,Male,12.995754345975756,1932.752460911174,21.402076139066068,3.8660351221308082,4.533499249384576,8.923323895016503,No,5.366674363448214,6.025018206589219
51.866687928837116,,2.8954273979981546,2008.11252639052,24.985688092153982,8.17819742873381,,1.0547535517960993,Yes,3.229918839927357,4.653601072334325
22.89582830009478,Other,12.994795569361546,3202.7173589308745,30.56378369064974,8.248365954767527,7.995106049555878,1.8939097231379576,No,0.934270076655689,4.007888499391223
19.48491618037883,Male,8.30906734349368,1731.2102797446069,20.191279902694873,3.7517104452814296,8.342617867113006,3.005205465433476,Yes,-0.12607733449090364,4.2479659370039125
30.09271348724121,Female,8.08475961207977,2140.537614393342,23.017032163780897,4.367408930976937,4.663825079444096,2.8987024699347668,Yes,-0.20393016730387398,2.8654790071490384
27.884383378374014,Female,7.8893335845516255,2128.844050384409,22.84580805317675,2.992442754905152,8.851839091394684,8.049021196053888,No,7.015295909759637,8.194370435752289
120.32643532130103,Male,36.18547580175212,6298.9840382717775,60.36617012147896,24.600789881122225,16.319222475982407,22.32032053176055,No,28.533291938349258,22.84958733589621
33.47404471041849,Female,6.224826188023115,2246.157380626144,35.180047778480265,1.0783429708968177,7.2208111089107385,6.077851089057069,No,3.9467889118444104,8.937377814386734
48.07195613644924,Male,12.834906620420522,1659.3571654987095,18.960866316794213,9.073038829928562,7.817284265825472,3.9949062783633895,Yes,9.996537809656912,1.0789115214113632
27.79132332101174,Female,14.298801746017949,2402.908492838572,26.8071119771082,6.829091168256372,8.082340638997659,9.116340082695752,No,6.993767776257016,7.137958475797237
31.75487877433778,Male,0.8323263234662672,2214.5899915379255,21.03596723528843,5.276067085812273,8.757501895301804,0.8848070784384947,No,10.875427325549497,3.929440063177087
25.48921674065031,Female,9.086245906842885,1993.2112175720627,34.55181075947421,0.35643507774125116,5.557051303678326,2.054385131891396,No,5.912244971559218,6.821951781810008
21.284893011206734,Male,3.8062101900547383,1876.0747868415745,19.72797618603306,4.833592762217982,8.179939292227699,4.0716626882096385,No,6.956856820260476,1.2936538283646912
56.51839618382413,Male,3.568498209577849,2159.6096600508376,,4.451721261471312,4.723724362920701,2.9439353306715677,No,7.042611662274082,4.958093362698131
21.103595845876594,Other,11.280651726331962,3425.055306643171,30.859281983064758,1.5784251525482382,7.501436678365677,1.0628595384577246,Yes,5.120715955253089,3.2394962880292395
42.24947005467863,Male,9.69456467126466,3207.4024406591584,30.211414941695786,6.768534620031267,7.697589810589899,4.896961969872637,No,9.230410291510312,5.059150665504957
21.309531904922615,Female,6.890552692187761,3384.6049332422585,25.062759534223,9.542047777703228,7.385897005930628,6.941369408519166,Yes,0.7998298501375918,4.040559059252183
49.371482293355996,Male,0.8122018575659907,2088.157533193816,23.886981244282723,5.7717572511161155,5.327341478421458,1.8369549898205744,Yes,4.781695930867224,1.987785724860198
19.321664085172134,Female,4.652748823927301,3272.2101847871713,24.517869602201063,6.854459253681359,8.416961171560926,4.877139337696458,No,0.2929553302295398,3.8652638585117596
44.083903782339235,Male,11.868883306796153,1783.8013269004605,22.138208873706752,0.8156179913930115,4.85249332784978,6.024272062507483,No,-0.021871817656614796,2.9291624788894763
120.32643532130103,Other,36.18547580175212,6298.9840382717775,60.36617012147896,24.600789881122225,16.319222475982407,22.32032053176055,Yes,28.533291938349258,22.84958733589621
49.597592556424246,Male,13.827806284755614,3421.913240623719,26.150907477328612,,7.60744441248007,0.9830739221739924,No,1.946171791202327,7.965887589055965
36.22250090257509,Male,10.943372846638248,3047.980734840772,22.719343792063764,5.844244480068149,6.327335366785887,7.060628881833642,Yes,2.042952275791435,4.989808840539561
38.10201639126581,Male,0.5578019795255638,1931.9831285187458,22.850092906823456,9.29130792829013,8.233197958656772,4.0522274636620255,No,9.839398839811887,4.053357060972474
22.46000275256801,Male,9.586739573022426,2105.284816403899,28.628498114742968,6.564920697609861,5.790723304310906,8.002507743640605,No,3.984359645944649,4.8979502238923125
34.07910616277323,Female,8.795201456409787,2385.7138494492556,34.93362359484131,0.8934783216533096,4.760576338948273,4.114081664303333,No,0.06825560456864123,3.7817525491643242
,Male,13.967098889470693,2966.1309970070656,28.255802959571145,3.634231149034866,8.351970265317545,6.06083963326815,Yes,8.74758780969173,2.975520516024907
58.983387711178594,Female,0.037959411890313675,1664.5403016169896,19.360901266379393,5.459327810918925,6.741293854700468,8.852819003982466,No,5.2528941849859105,5.094105723158305
39.35233523374736,Male,7.214329853202685,2228.9115877387844,19.07460331918251,3.8597722528206715,4.881861374187712,4.844959238256518,No,6.024637248996295,3.9032476177044235
37.98827549257362,Male,1.0021905719096975,2446.1814975441835,34.14872245589041,8.35875928914214,7.468785477348576,,No,8.945421004813623,0.9136032367359689
24.312307985079904,Female,5.810306177098118,3112.789522728784,22.961722114545807,8.104963485832673,6.6312600746650405,7.962229441980864,No,11.116634303658241,3.0968460483805207
18.015059872696863,Female,8.24735425676405,1748.784996938099,19.487273822304985,5.861697704674215,6.92310785349092,8.770559476026834,No,10.212929002062054,7.928554761143849
22.063331889722058,Male,8.016283820281549,2802.7423609584857,28.44126779955895,3.7894667452113917,6.216306758075562,3.810174578794039,Yes,2.1591003008688516,6.936874773610721
58.17787495407666,Male,,1919.6619757662268,28.688061965292057,2.7045256256702896,8.026763196376857,2.9564484520274377,No,3.229983449137107,1.9542174314418348
29.943507067328873,Male,10.071325816783006,2551.8467819930784,29.054763974363027,1.2196738624007573,8.194278583935285,8.20891257289906,No,8.77700512895688,0.8061584982424992
42.23165341470556,Female,12.68659231913331,2977.6516102352616,22.641293953598876,3.684327078958633,7.529651351444838,,Yes,10.147966901189923,2.963799528079072
51.551549701382534,Female,10.75215159145254,3375.5199337095432,18.21266562741457,3.934135821919802,4.572250229767706,2.072311013874281,No,9.036549049833802,
31.47466163347964,Male,9.148852452653507,,34.49255636062077,6.880501813981551,8.19733369365737,9.085048629370672,Yes,10.953080978159663,0.8949423868091225
42.83664533334507,Female,7.874734601314018,2741.785284479002,22.11891336712951,6.5103560615367035,7.4062197304501165,2.8320259426187637,No,9.048254447579618,3.2074520655140333
43.46190871764249,Female,0.8188292598579969,2897.914756278449,29.417304306882507,0.5949999049245462,7.5488155700645105,1.8534748933739305,No,8.955096708461072,2.864796157317982
26.389876908486738,Female,4.975421398576322,1820.2308772546303,30.23497776706289,4.097040093486054,,0.7971575909238195,Yes,9.178692844726763,4.7272421485380285
43.78462289938566,Female,2.7408122597367583,3277.788622334095,28.65749018021556,1.7249576265638984,8.529364712335433,8.076036276538849,No,1.7786420033961692,2.8504306113578632
38.78377276411338,Male,13.158652277433408,3288.7624883848152,23.035344740240845,1.395000416932128,7.56587889575399,3.3187931480237296,Yes,0.12274532673410062,8.822498757584835
47.2979581156189,Male,,2085.8170966660027,23.14769156389439,8.18574341739628,4.497235668175348,7.077955602857709,No,7.387093070524754,1.1448292457077205
33.37239043554817,Male,4.249529852055877,2426.002911648685,28.081620675057273,0.1263144061994162,6.110287972694738,0.8778392996813096,Yes,8.789678408376867,4.042240026623305
45.074042546765966,Male,11.009391932493907,1891.8505791927282,32.77800689818397,4.375334727010262,8.469310825945056,0.994260547687208,No,8.72550370969822,3.869116652624292
53.730537740053364,Female,2.197867232017407,2297.6410052153396,34.190774110872034,1.6362601152564629,4.166721159732663,8.772222718858197,Yes,1.3470666986196245,0.930007148507333
18.42373321961071,Female,12.96503921461744,1854.631318950567,19.81404278365199,8.485069651757223,8.866705216469137,8.19814772897305,No,0.02029581412027411,1.8110862837805795
25.07131173026629,Male,-0.12591213668294535,3298.4422885766894,20.413825816937106,5.744498424348446,7.405151231249808,2.907274074062872,No,7.251734798727905,0.7668613950580851
52.74734697953336,Male,6.531448208014677,3121.3387951079053,34.17621805139836,2.2531837982004133,7.278912500248076,5.916218734012014,Yes,6.212095703514717,6.1579445354784506
32.0263566247402,Male,3.968171431648399,3013.682397182038,30.506369439214655,5.036734586550052,5.333465525606477,2.9934433807996825,No,6.069181784557789,3.0876801765327575
39.157846630616035,Female,1.575350847701404,1936.1788993193657,32.74626591652141,7.193542014188329,5.19295565295759,4.203661385896695,No,3.0710455616895627,6.874029603095972
31.967643689376242,Male,8.96091126472124,3084.5126643790154,21.348912347434005,9.701179925782617,8.573608709501551,1.1440406067540854,No,10.0094088767334,4.820625612203477
42.57518072668137,Female,12.698748681506165,2073.3908838717007,27.992046571316596,2.0439223899567756,5.45835724499855,4.977569211835956,Yes,7.858017845922972,9.22310885272065
45.743393112148155,Male,5.669515765896763,1693.3016309011364,29.94694999908785,8.845727054661216,7.901558267862597,0.9116294072992015,No,5.3597813214883,6.775829576814114
39.54008134109843,Male,5.622371234269984,3262.176477319055,29.31156729087851,9.04337576840641,5.946809137919347,1.0602581119466872,Yes,0.9621569621518878,3.8661806281890043
30.764236147323903,,,2301.045049796199,25.195945645189994,9.174025737202426,4.671213628499851,6.9363521929135485,Yes,0.13426297333659037,5.032575830042257
41.03905446530499,Other,10.926011309910246,2517.1770540910893,18.105291746375624,6.486315768273347,4.11001158387927,6.057191435237843,No,0.1754215137708492,4.662157054625445
18.50915162981735,Male,8.292196713468936,3079.508949746923,27.97710089990247,5.993077085604077,6.606889905523198,2.0178566663712747,Yes,8.127703823383948,5.028574573319121
43.426453609889016,Female,14.07488749993964,1764.0814976551103,22.255997835669334,4.017465957395048,8.814954998633418,1.9598527094179623,Yes,2.888016613977615,8.852503802358633
